LigandID,CAS or NOCAS-number,TC TPO inhibition activity,Presence in test set marked with *,canonical_smiles
train1,50-22-6,Inactive,,CC12CCC(=O)C=C1CCC1C2C(O)CC2(C)C(C(=O)CO)CCC12
train2,50-28-2,Active,,CC12CCC3c4ccc(O)cc4CCC3C1CCC2O
train3,50-29-3,Inactive,,Clc1ccc(C(c2ccc(Cl)cc2)C(Cl)(Cl)Cl)cc1
train4,50-35-1,Inactive,,O=C1CCC(N2C(=O)c3ccccc3C2=O)C(=O)N1
train5,50-41-9,Inactive,,CCN(CC)CCOc1ccc(C(=C(Cl)c2ccccc2)c2ccccc2)cc1
train6,50-78-2,Inactive,,CC(=O)Oc1ccccc1C(=O)O
train7,51-21-8,Inactive,,O=C1N=CC(F)C(=O)N1
train8,51-24-1,Active,,O=C(O)Cc1cc(I)c(Oc2ccc(O)c(I)c2)c(I)c1
train9,51-28-5,Inactive,,O=[N+]([O-])c1ccc(O)c([N+](=O)[O-])c1
train10,51-30-9,Active,,CC(C)NCC(O)c1ccc(O)c(O)c1
train11,51-52-5,Active,,CCCC1=NC(=S)NC(=O)C1
train12,51-79-6,Inactive,,CCOC(N)=O
train13,52-01-7,Inactive,,CC(=O)SC1CC2=CC(=O)CCC2(C)C2CCC3(C)C(CCC34CCC(=O)O4)C12
train14,52-51-7,Inactive,,O=[N+]([O-])C(Br)(CO)CO
train15,52-68-6,Inactive,,COP(=O)(OC)C(O)C(Cl)(Cl)Cl
train16,52-86-8,Inactive,,O=C(CCCN1CCC(O)(c2ccc(Cl)cc2)CC1)c1ccc(F)cc1
train17,53-03-2,Inactive,,CC12C=CC(=O)C=C1CCC1C2C(=O)CC2(C)C1CCC2(O)C(=O)CO
train18,53-16-7,Inactive,,CC12CCC3c4ccc(O)cc4CCC3C1CCC2=O
train19,53-86-1,Inactive,,COc1ccc2c(c1)c(CC(=O)O)c(C)n2C(=O)c1ccc(Cl)cc1
train20,54-11-5,Inactive,,CN1CCCC1c1cccnc1
train21,54-85-3,Active,,NNC(=O)c1ccncc1
train22,55-18-5,Inactive,,CCN(CC)N=O
train23,55-38-9,Active,,COP(=S)(OC)Oc1ccc(SC)c(C)c1
train24,55-98-1,Active,,NCCc1c[nH]cn1
train25,56-04-2,Active,,CC1=NC(=S)NC(=O)C1
train26,56-81-5,Inactive,,OCC(O)CO
train27,57-30-7,Inactive,,CCC1(c2ccccc2)C(=O)NC(=O)NC1=O
train28,57-41-0,Inactive,,O=C1NC(=O)C(c2ccccc2)(c2ccccc2)N1
train29,57-50-1,Inactive,,OCC1OC(OC2(CO)OC(CO)C(O)C2O)C(O)C(O)C1O
train30,57-55-6,Inactive,,CC(O)CO
train31,57-74-9,Inactive,,ClC1=C(Cl)C2(Cl)C3C(Cl)C(Cl)CC3C1(Cl)C2(Cl)Cl
train32,57-83-0,Inactive,,CC(=O)C1CCC2C3CCC4=CC(=O)CCC4(C)C3CCC12C
train33,57-97-6,Inactive,,Cc1c2ccccc2c(C)c2c1ccc1ccccc12
train35,58-14-0,Inactive,,CCc1nc(N)nc(N)c1-c1ccc(Cl)cc1
train36,58-18-4,Inactive,,CC12CCC(=O)C=C1CCC1C2CCC2(C)C1CCC2(C)O
train37,58-55-9,Inactive,,Cn1c(=O)c2[nH]cnc2n(C)c1=O
train38,58-93-5,Inactive,,NS(=O)(=O)c1cc2c(cc1Cl)NCNS2(=O)=O
train39,59-30-3,Active,,Nc1nc(=O)c2nc(CNc3ccc(C(=O)NC(CCC(=O)O)C(=O)O)cc3)cnc2[nH]1
train40,59-50-7,Inactive,,Cc1cc(O)ccc1Cl
train41,59-67-6,Inactive,,O=C(O)c1cccnc1
train42,59-87-0,Inactive,,NC(=O)NN=Cc1ccc([N+](=O)[O-])o1
train43,60-35-5,Inactive,,CC(N)=O
train44,60-54-8,Active,,CN(C)C1C(=O)C(C(N)=O)C(=O)C2(O)C(=O)C3C(=O)c4c(O)cccc4C(C)(O)C3CC12
train45,60-56-0,Active,,CN1CC=NC1=S
train46,62-23-7,Inactive,,O=C(O)c1ccc([N+](=O)[O-])cc1
train47,62-38-4,Inactive,,O=C1c2ccccc2N=C2CC3C(=O)c4ccccc4N=C3CC12
train48,62-73-7,Active,,COP(=O)(OC)OC=C(Cl)Cl
train49,62-75-9,Inactive,,CN(C)N=O
train50,63-05-8,Inactive,,CC12CCC3C(CCC4=CC(=O)CCC43C)C1CCC2=O
train51,63-25-2,Inactive,,CNC(=O)Oc1cccc2ccccc12
train52,64-67-5,Inactive,,CCOS(=O)(=O)OCC
train53,64-86-8,Inactive,,COc1cc2c(c(OC)c1OC)-c1ccc(OC)c(=O)cc1C(NC(C)=O)CC2
train54,65-23-6,Inactive,,Cc1ncc(CO)c(CO)c1O
train55,66-27-3,Active,,COS(C)(=O)=O
train56,66-81-9,Inactive,,CC1CC(C)C(=O)C(C(O)CC2CC(=O)NC(=O)C2)C1
train57,67-20-9,Inactive,,O=C1CN(N=Cc2ccc([N+](=O)[O-])o2)C(=O)N1
train58,67-30-1,Inactive,,O=C(O)Cc1cc(I)c(Oc2cc(I)c(O)c(I)c2)c(I)c1
train59,68-12-2,Inactive,,CN(C)C=O
train60,68-96-2,Inactive,,CC(=O)C1(O)CCC2C3CCC4=CC(=O)CCC4(C)C3CCC21C
train61,69-09-0,Inactive,,CN(C)CCCN1c2ccccc2Sc2ccc(Cl)cc21
train62,69-65-8,Inactive,,OCC(O)C(O)C(O)C(O)CO
train63,69-74-9,Inactive,,Nc1ccn(C2OC(CO)C(O)C2O)c(=O)n1
train64,72-20-8,Inactive,,ClC1=C(Cl)C2(Cl)C3C4CC(C5OC45)C3C1(Cl)C2(Cl)Cl
train65,72-43-5,Inactive,,COc1ccc(C(c2ccc(OC)cc2)C(Cl)(Cl)Cl)cc1
train66,72-54-8,Inactive,,Clc1ccc(C(c2ccc(Cl)cc2)C(Cl)Cl)cc1
train67,72-55-9,Inactive,,ClC(Cl)=C(c1ccc(Cl)cc1)c1ccc(Cl)cc1
train68,73-22-3,Inactive,,NC(Cc1c[nH]c2ccccc12)C(=O)O
train69,75-60-5,Inactive,,CC(C)C
train70,75-99-0,Inactive,,CC(Cl)(Cl)C(=O)O
train71,76-44-8,Inactive,,ClC1=C(Cl)C2(Cl)C3C(Cl)C=CC3C1(Cl)C2(Cl)Cl
train72,76-87-9,Inactive,,CCC(CO)CCCCOC(=O)CCCCCCC(=O)OCCCCC(CC)CO
train73,77-09-8,Active,,O=C1OC(c2ccc(O)cc2)(c2ccc(O)cc2)c2ccccc21
train74,77-40-7,Active,,CCC(C)(c1ccc(O)cc1)c1ccc(O)cc1
train75,77-47-4,Inactive,,ClC1=C(Cl)C(Cl)(Cl)C(Cl)=C1Cl
train76,77-48-5,Inactive,,CC1(C)C(=O)N(Br)C(=O)N1Br
train77,77-71-4,Inactive,,CC1(C)NC(=O)NC1=O
train78,77-78-1,Active,,COS(=O)(=O)OC
train79,77-89-4,Inactive,,CCOC(=O)CC(CC(=O)OCC)(OC(C)=O)C(=O)OCC
train80,77-90-7,Inactive,,CCCCOC(=O)CC(CC(=O)OCCCC)(OC(C)=O)C(=O)OCCCC
train81,77-92-9,Inactive,,O=C(O)CC(O)(CC(=O)O)C(=O)O
train82,77-93-0,Inactive,,CCOC(=O)CC(O)(CC(=O)OCC)C(=O)OCC
train83,78-42-2,Inactive,,CCCCC(CC)COP(=O)(OCC(CC)CCCC)OCC(CC)CCCC
train84,78-48-8,Inactive,,CCCCSP(=O)(SCCCC)SCCCC
train85,78-59-1,Inactive,,CC1=CC(=O)CC(C)(C)C1
train86,78-63-7,Inactive,,CC(C)(C)OOC(C)(C)CCC(C)(C)OOC(C)(C)C
train87,79-06-1,Inactive,,C=CC(N)=O
train88,79-16-3,Inactive,,CNC(C)=O
train89,79-39-0,Inactive,,C=C(C)C(N)=O
train90,79-43-6,Inactive,,O=C(O)C(Cl)Cl
train91,79-44-7,Inactive,,CN(C)C(=O)Cl
train92,80-08-0,Active,,Nc1ccc(S(=O)(=O)c2ccc(N)cc2)cc1
train93,80-15-9,Inactive,,CC(C)(OO)c1ccccc1
train94,80-43-3,Inactive,,CC(C)(OOC(C)(C)c1ccccc1)c1ccccc1
train95,81-81-2,Inactive,,CC(=O)CC(c1ccccc1)C1C(=O)Oc2ccccc2C1=O
train96,82-68-8,Inactive,,O=[N+]([O-])c1c(Cl)c(Cl)c(Cl)c(Cl)c1Cl
train97,83-32-9,Inactive,,c1cc2c3c(cccc3c1)CC2
train98,83-41-0,Inactive,,Cc1cccc([N+](=O)[O-])c1C
train100,84-66-2,Inactive,,CCOC(=O)c1ccccc1C(=O)OCC
train101,84-69-5,Inactive,,CC(C)COC(=O)c1ccccc1C(=O)OCC(C)C
train102,84-74-2,Inactive,,CCCCOC(=O)c1ccccc1C(=O)OCCCC
train103,84-75-3,Inactive,,CCCCCCOC(=O)c1ccccc1C(=O)OCCCCCC
train104,85-01-8,Inactive,,c1ccc2c(c1)ccc1ccccc12
train105,85-68-7,Inactive,,CCCCOC(=O)c1ccccc1C(=O)OCc1ccccc1
train106,86-30-6,Inactive,,O=NN(c1ccccc1)c1ccccc1
train107,86-50-0,Active,,COP(=S)(OC)SCn1nnc2ccccc2c1=O
train108,86-73-7,Inactive,,c1ccc2c(c1)Cc1ccccc1-2
train109,87-61-6,Inactive,,Clc1cccc(Cl)c1Cl
train110,87-62-7,Inactive,,Cc1cccc(C)c1N
train111,87-69-4,Inactive,,O=C(O)C(O)C(O)C(=O)O
train112,87-86-5,Active,,Oc1c(Cl)c(Cl)c(Cl)c(Cl)c1Cl
train113,87-90-1,Active,,O=c1n(Cl)c(=O)n(Cl)c(=O)n1Cl
train114,88-06-2,Inactive,,Oc1c(Cl)cc(Cl)cc1Cl
train115,88-12-0,Inactive,,C=CN1CCCC1=O
train116,88-18-6,Inactive,,CC(C)(C)c1ccccc1O
train117,88-58-4,Active,,CC(C)(C)c1cc(O)c(C(C)(C)C)cc1O
train118,88-72-2,Inactive,,Cc1ccccc1[N+](=O)[O-]
train119,88-85-7,Inactive,,CCC(C)c1cc([N+](=O)[O-])cc([N+](=O)[O-])c1O
train120,89-04-3,Inactive,,CCCCCCCCOC(=O)c1ccc(C(=O)OCCCCCCCC)c(C(=O)OCCCCCCCC)c1
train121,89-72-5,Inactive,,CCC(C)c1ccccc1O
train122,89-83-8,Inactive,,Cc1ccc(C(C)C)c(O)c1
train123,90-04-0,Active,,COc1ccccc1N
train124,90-12-0,Inactive,,Cc1cccc2ccccc12
train125,91-20-3,Inactive,,c1ccc2ccccc2c1
train126,91-22-5,Inactive,,c1ccc2ncccc2c1
train127,91-53-2,Active,,CCOc1ccc2c(c1)C(C)=CC(C)(C)N2
train128,91-59-8,Active,,Nc1ccc2ccccc2c1
train129,91-62-3,Inactive,,Cc1ccc2ncccc2c1
train130,91-64-5,Inactive,,O=c1ccc2ccccc2o1
train131,91-66-7,Inactive,,CCN(CC)c1ccccc1
train132,92-52-4,Inactive,,c1ccc(-c2ccccc2)cc1
train133,92-68-2,Inactive,,CC(C)(c1ccc(O)cc1)c1ccc(O)cc1
train134,92-87-5,Inactive,,Nc1ccc(-c2ccc(N)cc2)cc1
train135,93-15-2,Inactive,,C=CCc1ccc(OC)c(OC)c1
train136,94-13-3,Inactive,,CCCOC(=O)c1ccc(O)cc1
train137,94-26-8,Inactive,,CCCCOC(=O)c1ccc(O)cc1
train138,94-28-0,Inactive,,CCCCC(CC)C(=O)OCCOCCOCCOC(=O)C(CC)CCCC
train139,94-74-6,Inactive,,Cc1cc(Cl)ccc1OCC(=O)O
train140,94-75-7,Inactive,,O=C(O)COc1ccc(Cl)cc1Cl
train141,94-82-6,Inactive,,O=C(O)CCCOc1ccc(Cl)cc1Cl
train142,95-14-7,Inactive,,c1ccc2[nH]nnc2c1
train143,95-48-7,Inactive,,Cc1ccccc1O
train144,95-49-8,Inactive,,Cc1ccccc1Cl
train145,95-50-1,Inactive,,Clc1ccccc1Cl
train146,95-53-4,Active,,Cc1ccccc1N
train147,95-57-8,Inactive,,Oc1ccccc1Cl
train148,95-63-6,Inactive,,Cc1ccc(C)c(C)c1
train149,95-65-8,Inactive,,Cc1ccc(O)cc1C
train150,95-87-4,Inactive,,Cc1ccc(C)c(O)c1
train151,95-94-3,Inactive,,Clc1cc(Cl)c(Cl)cc1Cl
train152,95-95-4,Inactive,,Oc1cc(Cl)c(Cl)cc1Cl
train153,96-09-3,Inactive,,c1ccc(C2CO2)cc1
train154,96-18-4,Inactive,,ClCC(Cl)CCl
train155,96-23-1,Inactive,,OC(CCl)CCl
train156,96-29-7,Inactive,,CCC(C)N=O
train157,96-48-0,Inactive,,O=C1CCCO1
train158,97-53-0,Active,,C=CCc1ccc(O)c(OC)c1
train159,97-54-1,Active,,CC=Cc1ccc(O)c(OC)c1
train160,97-77-8,Inactive,,CCN(CC)C(=S)SSC(=S)N(CC)CC
train161,98-01-1,Inactive,,O=Cc1ccco1
train162,98-06-6,Inactive,,CC(C)(C)c1ccccc1
train163,98-07-7,Inactive,,ClC(Cl)(Cl)c1ccccc1
train164,98-86-2,Inactive,,CC(=O)c1ccccc1
train165,98-87-3,Inactive,,ClC(Cl)c1ccccc1
train166,98-95-3,Inactive,,O=[N+]([O-])c1ccccc1
train167,99-08-1,Inactive,,Cc1cccc([N+](=O)[O-])c1
train168,99-30-9,Inactive,,Nc1c(Cl)cc([N+](=O)[O-])cc1Cl
train169,99-51-4,Inactive,,Cc1ccc([N+](=O)[O-])cc1C
train170,99-54-7,Inactive,,O=[N+]([O-])c1ccc(Cl)c(Cl)c1
train171,99-55-8,Inactive,,Cc1ccc([N+](=O)[O-])cc1N
train172,99-59-2,Active,,COc1ccc([N+](=O)[O-])cc1N
train173,99-62-7,Inactive,,CC(C)c1cccc(C(C)C)c1
train174,99-65-0,Inactive,,O=[N+]([O-])c1cccc([N+](=O)[O-])c1
train175,99-66-1,Inactive,,CCCC(CCC)C(=O)O
train176,99-76-3,Inactive,,COC(=O)c1ccc(O)cc1
train177,99-87-6,Inactive,,Cc1ccc(C(C)C)cc1
train178,99-97-8,Active,,Cc1ccc(N(C)C)cc1
train179,99-99-0,Inactive,,Cc1ccc([N+](=O)[O-])cc1
train180,100-00-5,Inactive,,O=[N+]([O-])c1ccc(Cl)cc1
train181,100-01-6,Inactive,,Nc1ccc([N+](=O)[O-])cc1
train182,100-37-8,Inactive,,CCN(CC)CCO
train183,100-51-6,Inactive,,OCc1ccccc1
train184,100-54-9,Inactive,,N#Cc1cccnc1
train185,100-97-0,Inactive,,C1N2CN3CN1CN(C2)C3
train186,101-02-0,Active,,c1ccc(OP(Oc2ccccc2)Oc2ccccc2)cc1
train187,101-10-0,Inactive,,CC(Oc1cccc(Cl)c1)C(=O)O
train188,101-21-3,Inactive,,CC(C)OC(=O)Nc1cccc(Cl)c1
train189,101-54-2,Active,,Nc1ccc(Nc2ccccc2)cc1
train190,101-55-3,Inactive,,Brc1ccc(Oc2ccccc2)cc1
train191,101-77-9,Active,,Nc1ccc(Cc2ccc(N)cc2)cc1
train192,101-80-4,Active,,Nc1ccc(Oc2ccc(N)cc2)cc1
train193,101-86-0,Inactive,,CCCCCCC(C=O)=Cc1ccccc1
train194,102-06-7,Inactive,,N=C(Nc1ccccc1)Nc1ccccc1
train195,102-27-2,Active,,CCNc1cccc(C)c1
train196,102-60-3,Inactive,,CC(O)CN(CCN(CC(C)O)CC(C)O)CC(C)O
train197,102-71-6,Inactive,,OCCN(CCO)CCO
train198,102-76-1,Inactive,,CC(=O)OCC(COC(C)=O)OC(C)=O
train199,102-82-9,Inactive,,CCCCN(CCCC)CCCC
train200,103-23-1,Inactive,,CCCCC(CC)COC(=O)CCCCC(=O)OCC(CC)CCCC
train201,103-24-2,Inactive,,CCCCC(CC)COC(=O)CCCCCCCC(=O)OCC(CC)CCCC
train202,103-33-3,Inactive,,c1ccc(N=Nc2ccccc2)cc1
train203,103-65-1,Inactive,,CCCc1ccccc1
train204,103-69-5,Active,,CCNc1ccccc1
train205,103-90-2,Inactive,,CC(=O)Nc1ccc(O)cc1
train206,104-51-8,Inactive,,CCCCc1ccccc1
train207,104-67-6,Inactive,,CCCCCCCC1CCC(=O)O1
train208,104-76-7,Inactive,,CCCCC(CC)CO
train209,105-54-4,Inactive,,CCCC(=O)OCC
train210,105-60-2,Inactive,,O=C1CCCCCN1
train211,105-67-9,Active,,Cc1ccc(O)c(C)c1
train212,105-99-7,Inactive,,CCCCOC(=O)CCCCC(=O)OCCCC
train213,106-22-9,Inactive,,CC(C)=CCCC(C)CCO
train214,106-27-4,Inactive,,CCCC(=O)OCCC(C)C
train215,106-30-9,Inactive,,CCCCCCC(=O)OCC
train216,106-44-5,Inactive,,Cc1ccc(O)cc1
train217,106-46-7,Inactive,,Clc1ccc(Cl)cc1
train218,106-47-8,Active,,Nc1ccc(Cl)cc1
train219,106-49-0,Active,,Cc1ccc(N)cc1
train220,106-65-0,Inactive,,COC(=O)CCC(=O)OC
train221,106-87-6,Inactive,,C1CC2OC2CC1C1CO1
train222,107-07-3,Inactive,,OCCCl
train223,107-18-6,Inactive,,C=CCO
train224,107-21-1,Inactive,,OCCO
train225,107-41-5,Inactive,,CC(O)CC(C)(C)O
train226,107-88-0,Inactive,,CC(O)CCO
train227,107-92-6,Inactive,,CCCC(=O)O
train228,107-98-2,Inactive,,COCC(C)O
train229,108-01-0,Inactive,,CN(C)CCO
train230,108-11-2,Inactive,,CC(C)CC(C)O
train231,108-44-1,Active,,Cc1cccc(N)c1
train232,108-45-2,Active,,Nc1cccc(N)c1
train233,108-46-3,Active,,Oc1cccc(O)c1
train234,108-59-8,Inactive,,COC(=O)CC(=O)OC
train235,108-67-8,Inactive,,Cc1cc(C)cc(C)c1
train236,108-80-5,Inactive,,Oc1nc(O)nc(O)n1
train237,108-91-8,Inactive,,NC1CCCCC1
train238,108-93-0,Inactive,,OC1CCCCC1
train239,108-94-1,Inactive,,O=C1CCCCC1
train240,109-43-3,Inactive,,CCCCOC(=O)CCCCCCCCC(=O)OCCCC
train241,109-86-4,Inactive,,COCCO
train242,110-05-4,Inactive,,CC(C)(C)OOC(C)(C)C
train243,110-26-9,Inactive,,C=CC(=O)NCNC(=O)C=C
train244,110-62-3,Inactive,,CCCCC=O
train245,110-80-5,Inactive,,CCOCCO
train246,110-85-0,Inactive,,C1CNCCN1
train247,111-11-5,Inactive,,CCCCCCCC(=O)OC
train248,111-14-8,Inactive,,CCCCCCC(=O)O
train249,111-15-9,Inactive,,CCOCCOC(C)=O
train250,111-21-7,Inactive,,CC(=O)OCCOCCOCCOC(C)=O
train251,111-30-8,Inactive,,O=CCCCC=O
train252,111-42-2,Inactive,,OCCNCCO
train253,111-44-4,Inactive,,ClCCOCCCl
train254,111-46-6,Inactive,,OCCOCCO
train255,111-69-3,Inactive,,N#CCCCCC#N
train256,111-76-2,Inactive,,CCCCOCCO
train257,111-77-3,Inactive,,COCCOCCO
train258,111-82-0,Inactive,,CCCCCCCCCCCC(=O)OC
train259,111-87-5,Inactive,,CCCCCCCCO
train260,111-90-0,Inactive,,CCOCCOCCO
train261,111-96-6,Inactive,,COCCOCCOC
train263,112-05-0,Inactive,,CCCCCCCCC(=O)O
train264,112-25-4,Inactive,,CCCCCCOCCO
train265,112-27-6,Inactive,,OCCOCCOCCO
train266,112-30-1,Inactive,,CCCCCCCCCCO
train267,112-34-5,Inactive,,CCCCOCCOCCO
train268,112-38-9,Inactive,,C=CCCCCCCCCC(=O)O
train269,112-42-5,Inactive,,CCCCCCCCCCCO
train270,112-49-2,Inactive,,COCCOCCOCCOC
train271,112-50-5,Inactive,,CCOCCOCCOCCO
train272,112-53-8,Inactive,,CCCCCCCCCCCCO
train273,112-70-9,Inactive,,CCCCCCCCCCCCCO
train274,112-72-1,Inactive,,CCCCCCCCCCCCCCO
train275,113-48-4,Inactive,,CCCCC(CC)CN1C(=O)C2C3C=CC(C3)C2C1=O
train276,114-07-8,Inactive,,CCC1OC(=O)C(C)C(OC2CC(C)(OC)C(O)C(C)O2)C(C)C(OC2OC(C)CC(N(C)C)C2O)C(C)(O)CC(C)C(=O)C(C)C(O)C1(C)O
train277,114-26-1,Inactive,,CNC(=O)Oc1ccccc1OC(C)C
train278,115-28-6,Inactive,,O=C(O)C1C(C(=O)O)C2(Cl)C(Cl)=C(Cl)C1(Cl)C2(Cl)Cl
train279,115-29-7,Inactive,,O=S1OCC2C(CO1)C1(Cl)C(Cl)=C(Cl)C2(Cl)C1(Cl)Cl
train280,115-32-2,Inactive,,OC(c1ccc(Cl)cc1)(c1ccc(Cl)cc1)C(Cl)(Cl)Cl
train281,115-77-5,Inactive,,OCC(CO)(CO)CO
train282,115-86-6,Inactive,,O=P(Oc1ccccc1)(Oc1ccccc1)Oc1ccccc1
train283,115-96-8,Inactive,,O=P(OCCCl)(OCCCl)OCCCl
train284,116-06-3,Inactive,,CNC(=O)ON=CC(C)(C)SC
train285,116-25-6,Inactive,,CC1(C)C(=O)NC(=O)N1CO
train286,117-39-5,Active,,O=C1C(=O)C(c2ccc(O)c(O)c2)Oc2cc(O)cc(O)c21
train287,117-79-3,Inactive,,Nc1ccc2c(c1)C(=O)c1ccccc1C2=O
train288,117-81-7,Inactive,,CCCCC(CC)COC(=O)c1ccccc1C(=O)OCC(CC)CCCC
train289,117-84-0,Active,,CCCCCCCCOC(=O)c1ccccc1C(=O)OCCCCCCCC
train290,118-52-5,Inactive,,CC1(C)C(=O)N(Cl)C(=O)N1Cl
train291,118-71-8,Active,,CC1OC=CC(=O)C1=O
train292,119-36-8,Inactive,,COC(=O)c1ccccc1O
train293,119-61-9,Inactive,,O=C(c1ccccc1)c1ccccc1
train294,119-93-7,Inactive,,Cc1cc(-c2ccc(N)c(C)c2)ccc1N
train295,120-12-7,Active,,c1ccc2cc3ccccc3cc2c1
train296,120-32-1,Inactive,,Oc1ccc(Cl)cc1Cc1ccccc1
train297,120-36-5,Inactive,,CC(Oc1ccc(Cl)cc1Cl)C(=O)O
train298,120-47-8,Inactive,,CCOC(=O)c1ccc(O)cc1
train299,120-61-6,Inactive,,COC(=O)c1ccc(C(=O)OC)cc1
train300,120-71-8,Active,,COc1ccc(C)cc1N
train301,120-80-9,Active,,Oc1ccccc1O
train302,120-82-1,Inactive,,Clc1ccc(Cl)c(Cl)c1
train303,120-83-2,Inactive,,Oc1ccc(Cl)cc1Cl
train304,121-00-6,Active,,COc1ccc(O)c(C(C)(C)C)c1
train305,121-14-2,Inactive,,Cc1ccc([N+](=O)[O-])cc1[N+](=O)[O-]
train306,121-33-5,Inactive,,COc1cc(C=O)ccc1O
train307,121-69-7,Active,,CN(C)c1ccccc1
train308,121-75-5,Active,,CCOC(=O)CC(SP(=S)(OC)OC)C(=O)OCC
train309,121-79-9,Active,,CCCOC(=O)c1cc(O)c(O)c(O)c1
train310,121-91-5,Inactive,,O=C(O)c1cccc(C(=O)O)c1
train311,122-14-5,Active,,COP(=S)(OC)Oc1ccc([N+](=O)[O-])c(C)c1
train312,122-34-9,Inactive,,CCNc1nc(Cl)nc(NCC)n1
train313,122-39-4,Inactive,,c1ccc(Nc2ccccc2)cc1
train314,122-62-3,Inactive,,CCCCC(CC)COC(=O)CCCCCCCCC(=O)OCC(CC)CCCC
train315,122-66-7,Inactive,,c1ccc(NNc2ccccc2)cc1
train316,122-99-6,Inactive,,OCCOc1ccccc1
train317,123-01-3,Inactive,,CCCCCCCCCCCCc1ccccc1
train318,123-25-1,Inactive,,CCOC(=O)CCC(=O)OCC
train319,123-31-9,Active,,Oc1ccc(O)cc1
train320,123-33-1,Inactive,,O=c1ccc(=O)[nH][nH]1
train321,123-35-3,Inactive,,C=CC(=C)CCC=C(C)C
train322,123-42-2,Inactive,,CC(=O)CC(C)(C)O
train323,123-51-3,Inactive,,CC(C)CCO
train324,124-04-9,Inactive,,O=C(O)CCCCC(=O)O
train325,124-13-0,Inactive,,CCCCCCCC=O
train326,124-18-5,Inactive,,CCCCCCCCCC
train327,124-94-7,Inactive,,CC12C=CC(=O)C=C1CCC1C3CC(O)C(O)(C(=O)CO)C3(C)CC(O)C12F
train328,126-11-4,Inactive,,O=[N+]([O-])C(CO)(CO)CO
train329,126-14-7,Inactive,,CC(=O)OCC1OC(OC2(COC(C)=O)OC(COC(C)=O)C(OC(C)=O)C2OC(C)=O)C(OC(C)=O)C(OC(C)=O)C1OC(C)=O
train330,126-73-8,Inactive,,CCCCOP(=O)(OCCCC)OCCCC
train331,126-86-3,Inactive,,CC(C)CC(C)(O)C#CC(C)(O)CC(C)C
train332,127-51-5,Inactive,,CC(=O)C(C)=CC1C(C)=CCCC1(C)C
train333,129-00-0,Inactive,,c1cc2ccc3cccc4ccc(c1)c2c34
train334,131-11-3,Inactive,,COC(=O)c1ccccc1C(=O)OC
train335,131-17-9,Inactive,,C=CCOC(=O)c1ccccc1C(=O)OCC=C
train336,131-18-0,Inactive,,CCCCCOC(=O)c1ccccc1C(=O)OCCCCC
train337,131-55-5,Active,,O=C(c1ccc(O)cc1O)c1ccc(O)cc1O
train338,131-70-4,Inactive,,CCCCOC(=O)c1ccccc1C(=O)O
train339,132-64-9,Inactive,,c1ccc2c(c1)oc1ccccc12
train340,133-06-2,Inactive,,O=C1C2CC=CCC2C(=O)N1SC(Cl)(Cl)Cl
train341,133-90-4,Active,,Nc1cc(Cl)cc(C(=O)O)c1Cl
train342,134-20-3,Active,,COC(=O)c1ccccc1N
train343,134-62-3,Inactive,,CCN(CC)C(=O)c1cccc(C)c1
train344,135-19-3,Active,,Oc1ccc2ccccc2c1
train345,136-45-8,Inactive,,CCCOC(=O)c1ccc(C(=O)OCCC)nc1
train346,136-60-7,Inactive,,CCCCOC(=O)c1ccccc1
train347,136-77-6,Active,,CCCCCCc1ccc(O)cc1O
train348,139-13-9,Inactive,,O=C(O)CN(CC(=O)O)CC(=O)O
train349,139-40-2,Inactive,,CC(C)Nc1nc(Cl)nc(NC(C)C)n1
train350,140-56-7,Active,,CCC1CO1
train351,140-64-7,Inactive,,N=C(N)c1ccc(OCCCCCOc2ccc(C(=N)N)cc2)cc1
train352,141-04-8,Inactive,,CCCCCCCCCCCCCCCCCC(=O)O
train353,141-43-5,Inactive,,NCCO
train354,141-66-2,Inactive,,COP(=O)(OC)OC(C)=CC(=O)N(C)C
train355,142-04-1,Active,,Nc1ccccc1
train356,142-62-1,Inactive,,CCCCCC(=O)O
train357,143-50-0,Inactive,,O=C1C2(Cl)C3(Cl)C4(Cl)C(Cl)(Cl)C5(Cl)C3(Cl)C1(Cl)C5(Cl)C24Cl
train358,145-73-3,Inactive,,O=C(O)C1C2CCC(O2)C1C(=O)O
train359,147-24-0,Inactive,,CN(C)CCOC(c1ccccc1)c1ccccc1
train360,148-79-8,Inactive,,c1ccc2[nH]c(-c3cscn3)nc2c1
train361,149-30-4,Active,,Sc1nc2ccccc2s1
train362,149-57-5,Inactive,,CCCCCCCC(=O)O
train363,150-13-0,Active,,Nc1ccc(C(=O)O)cc1
train364,150-68-5,Active,,CN(C)C(=O)Nc1ccc(Cl)cc1
train365,156-60-5,Inactive,,ClC=CCl
train366,205-99-2,Inactive,,c1ccc2c(c1)-c1cccc3c1c-2cc1ccccc13
train367,206-44-0,Inactive,,c1ccc2c(c1)-c1cccc3cccc-2c13
train368,208-96-8,Inactive,,C1=Cc2cccc3cccc1c23
train369,271-89-6,Inactive,,c1ccc2occc2c1
train370,288-88-0,Inactive,,c1nc[nH]n1
train371,298-00-0,Active,,COP(=S)(OC)Oc1ccc([N+](=O)[O-])cc1
train372,298-04-4,Inactive,,CCOP(=S)(OCC)SCCSCC
train373,298-46-4,Inactive,,NC(=O)N1c2ccccc2C=Cc2ccccc21
train374,300-76-5,Inactive,,COP(=O)(OC)OC(Br)C(Cl)(Cl)Br
train375,307-24-4,Inactive,,O=C(O)C(F)(F)C(F)(F)C(F)(F)C(F)(F)C(F)(F)F
train376,309-00-2,Inactive,,ClC1=C(Cl)C2(Cl)C3C4C=CC(C4)C3C1(Cl)C2(Cl)Cl
train377,314-40-9,Inactive,,CCC(C)N1C(=O)N=C(C)C(Br)C1=O
train378,319-85-7,Inactive,,ClC1C(Cl)C(Cl)C(Cl)C(Cl)C1Cl
train379,330-54-1,Active,,CN(C)C(=O)Nc1ccc(Cl)c(Cl)c1
train380,330-55-2,Active,,CON(C)C(=O)Nc1ccc(Cl)c(Cl)c1
train381,333-41-5,Active,,CCOP(=S)(OCC)Oc1cc(C)nc(C(C)C)n1
train382,334-48-5,Inactive,,CCCCCCCCCC(=O)O
train383,335-67-1,Inactive,,O=C(O)C(F)(F)C(F)(F)C(F)(F)C(F)(F)C(F)(F)C(F)(F)C(F)(F)F
train384,375-85-9,Active,,O=C(O)C(F)(F)C(F)(F)C(F)(F)C(F)(F)C(F)(F)C(F)(F)F
train385,427-51-0,Inactive,,CC(=O)OC1(C(C)=O)CCC2C3C=C(Cl)C4=CC(=O)C5CC5C4(C)C3CCC21C
train386,486-56-6,Inactive,,CN1C(=O)CCC1c1cccnc1
train387,510-15-6,Inactive,,CCOC(=O)C(O)(c1ccc(Cl)cc1)c1ccc(Cl)cc1
train388,521-18-6,Inactive,,CC12CCC3C(CCC4CC(=O)CCC43C)C1CCC2O
train389,527-60-6,Active,,Cc1cc(C)c(O)c(C)c1
train390,528-29-0,Inactive,,O=[N+]([O-])c1ccccc1[N+](=O)[O-]
train391,532-32-1,Inactive,,O=C(O)c1ccccc1
train392,533-74-4,Active,,CN1CSC(=S)N(C)C1
train393,534-52-1,Inactive,,Cc1cc([N+](=O)[O-])cc([N+](=O)[O-])c1O
train394,541-73-1,Inactive,,Clc1cccc(Cl)c1
train395,544-76-3,Inactive,,CCCCCCCCCCCCCCCC
train396,553-26-4,Inactive,,c1cc(-c2ccncc2)ccn1
train397,556-52-5,Inactive,,OCC1CO1
train398,556-61-6,Inactive,,CN=C=S
train399,556-67-2,Inactive,,C[Si]1(C)O[Si](C)(C)O[Si](C)(C)O[Si](C)(C)O1
train400,563-12-2,Active,,CCOP(=S)(OCC)SCSP(=S)(OCC)OCC
train401,576-26-1,Active,,Cc1cccc(C)c1O
train402,579-66-8,Inactive,,CCc1cccc(CC)c1N
train403,584-13-4,Inactive,,Nn1cnnc1
train404,599-79-1,Inactive,,O=C(O)c1cc(N=Nc2ccc(S(=O)(=O)Nc3ccccn3)cc2)ccc1O
train405,602-01-7,Inactive,,Cc1cccc([N+](=O)[O-])c1[N+](=O)[O-]
train406,606-20-2,Inactive,,Cc1c([N+](=O)[O-])cccc1[N+](=O)[O-]
train407,614-45-9,Inactive,,CC(C)(C)OOC(=O)c1ccccc1
train408,621-64-7,Inactive,,CCCN(CCC)N=O
train409,627-18-9,Inactive,,OCCCBr
train410,627-93-0,Inactive,,COC(=O)CCCCC(=O)OC
train411,628-63-7,Inactive,,CC(=O)OCCC(C)C
train412,629-62-9,Inactive,,CCCCCCCCCCCCCCC
train413,629-76-5,Inactive,,CCCCCCCCCCCCCCCO
train414,637-07-0,Inactive,,CCOC(=O)C(C)(C)Oc1ccc(Cl)cc1
train415,647-42-7,Inactive,,OCCC(F)(F)C(F)(F)C(F)(F)C(F)(F)C(F)(F)C(F)(F)F
train416,678-39-7,Inactive,,OCCC(F)(F)C(F)(F)C(F)(F)C(F)(F)C(F)(F)C(F)(F)C(F)(F)C(F)(F)F
train417,709-98-8,Active,,CCC(=O)Nc1ccc(Cl)c(Cl)c1
train418,712-50-5,Inactive,,O=C(c1ccccc1)C1CCCCC1
train419,744-45-6,Inactive,,O=C(Oc1ccccc1)c1cccc(C(=O)Oc2ccccc2)c1
train420,754-91-6,Inactive,,NS(=O)(=O)C(F)(F)C(F)(F)C(F)(F)C(F)(F)C(F)(F)C(F)(F)C(F)(F)C(F)(F)F
train421,759-94-4,Inactive,,CCCN(CCC)C(=O)SCC
train422,789-02-6,Inactive,,Clc1ccc(C(c2ccccc2Cl)C(Cl)(Cl)Cl)cc1
train423,797-63-7,Inactive,,C#CC1(O)CCC2C3CCC4=CC(=O)CCC4C3CCC21CC
train424,822-06-0,Inactive,,O=C=NCCCCCCN=C=O
train425,824-78-2,Inactive,,O=[N+]([O-])c1ccc(O)cc1
train426,826-62-0,Inactive,,O=C1OC(=O)C2C3C=CC(C3)C12
train427,828-00-2,Inactive,,CC(=O)OC1CC(C)OC(C)O1
train428,834-12-8,Inactive,,CCNc1nc(NC(C)C)nc(SC)n1
train429,838-88-0,Active,,Cc1cc(Cc2ccc(N)c(C)c2)ccc1N
train430,872-50-4,Inactive,,CN1CCCC1=O
train431,924-16-3,Inactive,,CCCCN(CCCC)N=O
train432,929-59-9,Inactive,,NCCOCCOCCN
train433,950-37-8,Active,,COc1nn(CSP(=S)(OC)OC)c(=O)s1
train434,962-58-3,Inactive,,CCOP(=O)(OCC)Oc1cc(C)nc(C(C)C)n1
train435,1007-28-9,Inactive,,CCNc1nc(N)nc(Cl)n1
train436,1024-57-3,Inactive,,ClC1=C(Cl)C2(Cl)C3C4OC4C(Cl)C3C1(Cl)C2(Cl)Cl
train437,1034-01-1,Active,,CCCCCCCCOC(=O)c1cc(O)c(O)c(O)c1
train438,1095-90-5,Inactive,,CCC(=O)C(CC(C)N(C)C)(c1ccccc1)c1ccccc1
train439,1119-40-0,Inactive,,COC(=O)CCCC(=O)OC
train440,1120-01-0,Inactive,,CCCCCCCCCCCCCCCCOS(=O)(=O)O
train441,1120-21-4,Inactive,,CCCCCCCCCCC
train442,1120-36-1,Inactive,,C=CCCCCCCCCCCCC
train443,1120-71-4,Inactive,,O=S1(=O)CCCO1
train444,1134-23-2,Inactive,,CCSC(=O)N(CC)C1CCCCC1
train445,1156-19-0,Active,,Cc1ccc(S(=O)(=O)NC(=O)NN2CCCCCC2)cc1
train446,1194-65-6,Inactive,,N#Cc1c(Cl)cccc1Cl
train447,1300-72-7,Inactive,,Cc1ccc(S(=O)(=O)O)cc1C
train448,1338-43-8,Inactive,,CCCCCCCCC=CCCCCCCCC(=O)OCC(O)C1OCC(O)C1O
train449,1445-75-6,Inactive,,CC(C)OP(C)(=O)OC(C)C
train450,1563-66-2,Inactive,,CNC(=O)Oc1cccc2c1OC(C)(C)C2
train451,1582-09-8,Inactive,,CCCN(CCC)c1c([N+](=O)[O-])cc(C(F)(F)F)cc1[N+](=O)[O-]
train452,1596-84-5,Inactive,,CN(C)NC(=O)CCC(=O)O
train453,1610-18-0,Inactive,,COc1nc(NC(C)C)nc(NC(C)C)n1
train454,1634-78-2,Active,,CCOC(=O)CC(SP(=O)(OC)OC)C(=O)OCC
train455,1646-75-9,Inactive,,CSC(C)(C)CN=O
train456,1689-84-5,Inactive,,N#Cc1cc(Br)c(O)c(Br)c1
train457,1698-60-8,Inactive,,N=C1C=NN(c2ccccc2)C(=O)C1Cl
train458,1763-23-1,Inactive,,O=S(=O)(O)C(F)(F)C(F)(F)C(F)(F)C(F)(F)C(F)(F)C(F)(F)C(F)(F)C(F)(F)F
train459,1836-75-5,Inactive,,O=[N+]([O-])c1ccc(Oc2ccc(Cl)cc2Cl)cc1
train460,1843-05-6,Inactive,,CCCCCCCCOc1ccc(C(=O)c2ccccc2)c(O)c1
train461,1861-32-1,Inactive,,COC(=O)c1c(Cl)c(Cl)c(C(=O)OC)c(Cl)c1Cl
train462,1861-40-1,Inactive,,CCCCN(CC)c1c([N+](=O)[O-])cc(C(F)(F)F)cc1[N+](=O)[O-]
train463,1897-45-6,Inactive,,N#Cc1c(Cl)c(Cl)c(Cl)c(C#N)c1Cl
train464,1912-24-9,Inactive,,CCNc1nc(Cl)nc(NC(C)C)n1
train465,1918-00-9,Inactive,,COc1c(Cl)ccc(Cl)c1C(=O)O
train466,1/2/1918,Inactive,,Nc1c(Cl)c(Cl)nc(C(=O)O)c1Cl
train467,1918-16-7,Inactive,,CC(C)N(C(=O)CCl)c1ccccc1
train468,1929-77-7,Inactive,,CCCSC(=O)N(CCC)CCC
train469,1929-82-4,Inactive,,Clc1cccc(C(Cl)(Cl)Cl)n1
train470,1934-21-0,Inactive,,O=C(O)C1=NN(c2ccc(S(=O)(=O)O)cc2)C(=O)C1N=Nc1ccc(S(=O)(=O)O)cc1
train471,1948-33-0,Active,,CC(C)(C)c1cc(O)ccc1O
train472,2008-41-5,Inactive,,CCSC(=O)N(CC(C)C)CC(C)C
train473,2043-57-4,Inactive,,FC(F)(F)C(F)(F)C(F)(F)C(F)(F)C(F)(F)C(F)(F)CCI
train474,2058-94-8,Inactive,,O=C(O)C(F)(F)C(F)(F)C(F)(F)C(F)(F)C(F)(F)C(F)(F)C(F)(F)C(F)(F)C(F)(F)C(F)(F)F
train475,2104-64-5,Active,,CCOP(=S)(Oc1ccc([N+](=O)[O-])cc1)c1ccccc1
train476,2144-53-8,Inactive,,C=C(C)C(=O)OCCC(F)(F)C(F)(F)C(F)(F)C(F)(F)C(F)(F)C(F)(F)F
train477,2164-17-2,Inactive,,CN(C)C(=O)Nc1cccc(C(F)(F)F)c1
train478,2176-62-7,Inactive,,Clc1nc(Cl)c(Cl)c(Cl)c1Cl
train479,2212-67-1,Inactive,,CCSC(=O)N1CCCCCC1
train480,2303-17-5,Inactive,,CC(C)N(C(=O)SCC(Cl)=C(Cl)Cl)C(C)C
train481,2312-35-8,Inactive,,C#CCOS(=O)OC1CCCCC1Oc1ccc(C(C)(C)C)cc1
train482,2385-85-5,Inactive,,ClC1(Cl)C2(Cl)C3(Cl)C4(Cl)C(Cl)(Cl)C5(Cl)C3(Cl)C1(Cl)C5(Cl)C24Cl
train483,2392-39-4,Inactive,,CC1CC2C3CCC4=CC(=O)C=CC4(C)C3(F)C(O)CC2(C)C1(O)C(=O)COP(=O)(O)O
train484,2416-94-6,Active,,Cc1ccc(C)c(O)c1C
train485,1/6/2425,Inactive,,O=C1C2CC=CCC2C(=O)N1SC(Cl)(Cl)C(Cl)Cl
train486,2432-87-3,Inactive,,CCCCCCCCOC(=O)CCCCCCCCC(=O)OCCCCCCCC
train487,2433-14-9,Inactive,,OC1CCC(C2CCCCC2)CC1
train488,2451-62-9,Active,,O=c1n(CC2CO2)c(=O)n(CC2CO2)c(=O)n1CC1CO1
train489,2528-16-7,Inactive,,O=C(O)c1ccccc1C(=O)OCc1ccccc1
train490,2550-40-5,Inactive,,C1CCC(SSC2CCCCC2)CC1
train491,2593-15-9,Inactive,,CCOc1nc(C(Cl)(Cl)Cl)ns1
train493,2634-33-5,Inactive,,O=c1[nH]sc2ccccc12
train494,2675-77-6,Inactive,,COc1cc(Cl)c(OC)cc1Cl
train495,2783-94-0,Inactive,,O=S(=O)(O)c1ccc(N=Nc2c(O)ccc3cc(S(=O)(=O)O)ccc23)cc1
train496,2835-95-2,Active,,Cc1ccc(N)cc1O
train497,2943-75-1,Inactive,,CCCCCCCC[Si](OCC)(OCC)OCC
train498,2971-36-0,Active,,Oc1ccc(C(c2ccc(O)cc2)C(Cl)(Cl)Cl)cc1
train500,3056-17-5,Inactive,,Cc1cn(C2C=CC(CO)O2)c(=O)[nH]c1=O
train501,3147-75-9,Inactive,,CC(C)(C)CC(C)(C)c1ccc(O)c(N2Nc3ccccc3N2)c1
train502,3252-43-5,Inactive,,N#CC(Br)Br
train503,3296-90-0,Inactive,,OCC(CO)(CBr)CBr
train504,3319-31-1,Active,,CCCCC(CC)COC(=O)c1ccc(C(=O)OCC(CC)CCCC)c(C(=O)OCC(CC)CCCC)c1
train505,3739-38-6,Inactive,,O=C(O)c1cccc(Oc2ccccc2)c1
train506,3855-32-1,Inactive,,CN(C)CCCN(C)CCCN(C)C
train507,3871-99-6,Inactive,,O=S(=O)(O)C(F)(F)C(F)(F)C(F)(F)C(F)(F)C(F)(F)C(F)(F)F
train508,4098-71-9,Inactive,,CC1(C)CC(N=C=O)CC(C)(CN=C=O)C1
train509,4151-50-2,Inactive,,CCNS(=O)(=O)C(F)(F)C(F)(F)C(F)(F)C(F)(F)C(F)(F)C(F)(F)C(F)(F)C(F)(F)F
train510,4180-23-8,Active,,CC=Cc1ccc(OC)cc1
train512,4376-18-5,Inactive,,COC(=O)c1ccccc1C(=O)O
train513,4376-20-9,Inactive,,CCCCC(CC)COC(=O)c1ccccc1C(=O)O
train514,4418-26-2,Inactive,,CC(=O)C1C(=O)C=C(C)OC1=O
train515,4449-51-8,Inactive,,CC1=C2CC3C(CC=C4CC(O)CCC43C)C2CCC12OC1CC(C)CNC1C2C
train516,4455-26-9,Inactive,,CCCCCCCCN(C)CCCCCCCC
train517,4904-61-4,Inactive,,C1=CCCC=CCCC=CCC1
train518,5216-25-1,Inactive,,Clc1ccc(C(Cl)(Cl)Cl)cc1
train519,5234-68-4,Active,,CC1=C(C(=O)Nc2ccccc2)SCCO1
train520,5349-51-9,Inactive,,CCC(C)(C)C1CCC(O)CC1
train521,5392-40-5,Active,,CC(C)=CCCC(C)=CC=O
train522,5598-13-0,Active,,CCOP(=S)(OCC)Oc1nc(Cl)c(Cl)cc1Cl
train523,5877-42-9,Inactive,,C#CC(O)C(CC)CCCC
train524,5902-51-2,Inactive,,CC1=NC(=O)N(C(C)(C)C)C(=O)C1Cl
train525,5915-41-3,Inactive,,CCNc1nc(Cl)nc(NC(C)(C)C)n1
train526,6055-19-2,Inactive,,O=P1(N(CCCl)CCCl)NCCCO1
train527,6153-64-6,Active,,CN(C)C1C(=O)C(C(N)=O)C(=O)C2(O)C(=O)C3C(=O)c4c(O)cccc4C(C)(O)C3C(O)C12
train528,6317-18-6,Active,,N#CSCSC#N
train529,6381-77-7,Active,,O=C1OC(C(O)CO)C(O)C1=O
train531,6422-86-2,Inactive,,CCCCC(CC)COC(=O)c1ccc(C(=O)OCC(CC)CCCC)cc1
train532,6624-73-3,Inactive,,O=C(OCCCCCOC(=O)c1ccccc1)c1ccccc1
train533,6734-80-1,Active,,CNC(=S)S
train534,6846-50-0,Inactive,,CC(C)C(=O)OCC(C)(C)C(OC(=O)C(C)C)C(C)C
train535,6923-22-4,Active,,CNC(=O)C=C(C)OP(=O)(OC)OC
train536,7287-19-6,Inactive,,CSc1nc(NC(C)C)nc(NC(C)C)n1
train537,7378-99-6,Inactive,,CCCCCCCCN(C)C
train538,7696-12-0,Inactive,,CC(C)=CC1C(C(=O)OCN2C(=O)C3=C(CCCC3)C2=O)C1(C)C
train539,7747-35-5,Inactive,,CCC12COCN1COC2
train540,7786-34-7,Active,,COC(=O)C=C(C)OP(=O)(OC)OC
train541,10016-20-3,Inactive,,OCC1OC2OC3C(CO)OC(OC4C(CO)OC(OC5C(CO)OC(OC6C(CO)OC(OC7C(CO)OC(OC1C(O)C2O)C(O)C7O)C(O)C6O)C(O)C5O)C(O)C4O)C(O)C3O
train542,10222-01-2,Inactive,,N#CC(Br)(Br)C(N)=O
train543,10265-92-6,Active,,COP(N)(=O)SC
train544,10540-29-1,Inactive,,CCC(=C(c1ccccc1)c1ccc(OCCN(C)C)cc1)c1ccccc1
train545,12427-38-2,Active,,S=C(S)NCCNC(=S)S
train546,13194-48-4,Active,,CCCSP(=O)(OCC)SCCC
train547,13292-46-1,Active,,COC1C=COC2(C)Oc3c(C)c(O)c4c(O)c(c(C=NN5CCN(C)CC5)c(O)c4c3C2=O)NC(=O)C(C)=CC=CC(C)C(O)C(C)C(O)C(C)C(OC(C)=O)C1C
train548,13311-84-7,Inactive,,CC(C)C(=O)Nc1ccc([N+](=O)[O-])c(C(F)(F)F)c1
train549,13674-87-8,Inactive,,O=P(OC(CCl)CCl)(OC(CCl)CCl)OC(CCl)CCl
train550,15307-79-6,Inactive,,O=C(O)Cc1ccccc1Nc1c(Cl)cccc1Cl
train551,15310-01-7,Inactive,,O=C(Nc1ccccc1)c1ccccc1I
train553,15972-60-8,Inactive,,CCc1cccc(CC)c1N(COC)C(=O)CCl
train554,16672-87-0,Active,,O=P(O)(O)CCCl
train555,16752-77-5,Inactive,,CNC(=O)ON=C(C)SC
train556,17804-35-2,Inactive,,CCCCNC(=O)n1c(NC(=O)OC)nc2ccccc21
train557,19044-88-3,Inactive,,CCCN(CCC)c1c([N+](=O)[O-])cc(S(N)(=O)=O)cc1[N+](=O)[O-]
train558,19666-30-9,Inactive,,CC(C)Oc1cc(-n2nc(C(C)(C)C)oc2=O)c(Cl)cc1Cl
train559,19774-82-4,Inactive,,CCCCc1oc2ccccc2c1C(=O)c1cc(I)c(OCCN(CC)CC)c(I)c1
train560,20325-40-0,Inactive,,COc1cc(-c2ccc(N)c(OC)c2)ccc1N
train561,21087-64-9,Inactive,,CSc1nnc(C(C)(C)C)c(=O)n1N
train562,21725-46-2,Inactive,,CCNc1nc(Cl)nc(NC(C)(C)C#N)n1
train563,22224-92-6,Inactive,,CCOP(=O)(NC(C)C)Oc1ccc(SC)c(C)c1
train564,22781-23-3,Inactive,,CNC(=O)Oc1cccc2c1OC(C)(C)O2
train565,22915-73-7,Inactive,,O=C(OCCCCCCOC(=O)c1ccccc1)c1ccccc1
train566,23103-98-2,Inactive,,Cc1nc(N(C)C)nc(OC(=O)N(C)C)c1C
train567,23135-22-0,Inactive,,CNC(=O)ON=C(SC)C(=O)N(C)C
train568,23184-66-9,Inactive,,CCCCOCN(C(=O)CCl)c1c(CC)cccc1CC
train569,23422-53-9,Active,,CNC(=O)Oc1cccc(N=CN(C)C)c1
train570,23564-05-8,Active,,COC(=O)NC(=S)Nc1ccccc1NC(=S)NC(=O)OC
train571,23593-75-1,Inactive,,Clc1ccccc1C(c1ccccc1)(c1ccccc1)n1ccnc1
train572,23779-32-0,Inactive,,CCO[Si](CCCNC(N)=O)(OCC)OCC
train573,23950-58-5,Inactive,,C#CC(C)(C)NC(=O)c1cc(Cl)cc(Cl)c1
train575,24602-86-6,Inactive,,CCCCCCCCCCCCCN1CC(C)OC(C)C1
train576,25057-89-0,Inactive,,CC(C)N1C(=O)c2ccccc2NS1(=O)=O
train577,25265-71-8,Inactive,,CCC(O)OC(O)CC
train578,25498-49-1,Inactive,,COC(C)COC(C)COC(C)CO
train579,25606-41-1,Inactive,,CCCOC(=O)NCCCN(C)C
train580,26172-55-4,Inactive,,Cn1sc(Cl)cc1=O
train581,26225-79-6,Inactive,,CC(C)Cc1ccc(C(C)C(=O)O)cc1
train582,26530-20-1,Inactive,,CCCCCCCCn1sccc1=O
train583,27178-16-1,Inactive,,CC(C)CCCCCCCOC(=O)CCCCC(=O)OCCCCCCCC(C)C
train584,27314-13-2,Inactive,,CN=C1C=NN(c2cccc(C(F)(F)F)c2)C(=O)C1Cl
train585,27955-94-8,Active,,CC(c1ccc(O)cc1)(c1ccc(O)cc1)c1ccc(O)cc1
train586,28249-77-6,Inactive,,CCN(CC)C(=O)SCc1ccc(Cl)cc1
train587,29091-21-2,Inactive,,CCCN(CCC)c1c([N+](=O)[O-])cc(C(F)(F)F)c(N)c1[N+](=O)[O-]
train588,29232-93-7,Active,,CCN(CC)c1nc(C)cc(OP(=S)(OC)OC)n1
train589,29420-49-3,Inactive,,O=S(=O)(O)C(F)(F)C(F)(F)C(F)(F)C(F)(F)F
train590,29590-42-9,Inactive,,C=CC(=O)OCCCCCC(C)C
train592,31218-83-4,Inactive,,CCNP(=S)(OC)OC(C)=CC(=O)OC(C)C
train593,32809-16-8,Inactive,,CC12CC1(C)C(=O)N(c1cc(Cl)cc(Cl)c1)C2=O
train594,33089-61-1,Inactive,,Cc1ccc(N=CN(C)C=Nc2ccc(C)cc2C)c(C)c1
train595,33228-44-3,Active,,CCCCCc1ccc(N)cc1
train596,33629-47-9,Inactive,,CCC(C)Nc1c([N+](=O)[O-])cc(C(C)(C)C)cc1[N+](=O)[O-]
train597,33703-08-1,Inactive,,CC(C)CCCCCCOC(=O)CCCCC(=O)OCCCCCCC(C)C
train598,33820-53-0,Inactive,,CCCN(CCC)c1c([N+](=O)[O-])cc(C(C)C)cc1[N+](=O)[O-]
train599,34014-18-1,Inactive,,CNC(=O)N(C)c1nnc(C(C)(C)C)s1
train600,34256-82-1,Inactive,,CCOCN(C(=O)CCl)c1c(C)cccc1CC
train601,34590-94-8,Inactive,,CCC(O)OCCCOC
train602,35256-85-0,Inactive,,CC(C)N(Cc1ccccc1)C(=O)C(C)(C)C
train603,35554-44-0,Inactive,,C=CCOC(Cn1ccnc1)c1ccc(Cl)cc1Cl
train604,35575-96-3,Active,,COP(=O)(OC)SCn1c(=O)oc2cc(Cl)cnc21
train605,36653-82-4,Inactive,,CCCCCCCCCCCCCCCCO
train606,36734-19-7,Inactive,,CC(C)NC(=O)N1CC(=O)N(c2cc(Cl)cc(Cl)c2)C1=O
train607,39515-41-8,Inactive,,CC1(C)C(C(=O)OC(C#N)c2cccc(Oc3ccccc3)c2)C1(C)C
train608,40487-42-1,Inactive,,CCC(CC)Nc1c([N+](=O)[O-])cc(C)c(C)c1[N+](=O)[O-]
train609,41372-08-1,Active,,CC(N)(Cc1ccc(O)c(O)c1)C(=O)O
train610,41481-66-7,Active,,C=CCc1cc(S(=O)(=O)c2ccc(O)c(CC=C)c2)ccc1O
train611,42509-80-8,Active,,CCOP(=S)(OCC)Oc1nc(Cl)n(C(C)C)n1
train612,42874-03-3,Inactive,,CCOc1cc(Oc2ccc(C(F)(F)F)cc2Cl)ccc1[N+](=O)[O-]
train613,43121-43-3,Inactive,,CC(C)(C)C(=O)C(Oc1ccc(Cl)cc1)n1cncn1
train615,49562-28-9,Inactive,,CC(C)OC(=O)C(C)(C)Oc1ccc(C(=O)c2ccc(Cl)cc2)cc1
train616,50471-44-8,Inactive,,C=CC1(C)OC(=O)N(c2cc(Cl)cc(Cl)c2)C1=O
train617,50594-66-6,Inactive,,O=C(O)c1cc(Oc2ccc(C(F)(F)F)cc2Cl)ccc1[N+](=O)[O-]
train618,50892-23-4,Inactive,,Cc1cccc(Nc2cc(Cl)nc(SCC(=O)O)n2)c1C
train619,51218-45-2,Inactive,,CCc1cccc(C)c1N(C(=O)CCl)C(C)COC
train620,51235-04-2,Inactive,,CN(C)c1nc(=O)n(C2CCCCC2)c(=O)n1C
train621,51338-27-3,Inactive,,COC(=O)C(C)Oc1ccc(Oc2ccc(Cl)cc2Cl)cc1
train622,51707-55-2,Active,,O=C(Nc1ccccc1)Nc1cnns1
train623,52315-07-8,Inactive,,CC1(C)C(C=C(Cl)Cl)C1C(=O)OC(C#N)c1cccc(Oc2ccccc2)c1
train624,52645-53-1,Inactive,,CC1(C)C(C=C(Cl)Cl)C1C(=O)OCc1cccc(Oc2ccccc2)c1
train625,52806-53-8,Inactive,,CC(C)(O)C(=O)Nc1ccc([N+](=O)[O-])c(C(F)(F)F)c1
train626,53112-28-0,Inactive,,Cc1cc(C)nc(Nc2ccccc2)n1
train627,53894-23-8,Inactive,,CC(C)CCCCCCOC(=O)c1ccc(C(=O)OCCCCCCC(C)C)c(C(=O)OCCCCCCC(C)C)c1
train628,54593-83-8,Active,,CCOP(=S)(OCC)OC(Cl)C(Cl)(Cl)Cl
train629,55219-65-3,Inactive,,CC(C)(C)C(O)C(Oc1ccc(Cl)cc1)n1cncn1
train630,55283-68-6,Inactive,,C=C(C)CN(CC)c1c([N+](=O)[O-])cc(C(F)(F)F)cc1[N+](=O)[O-]
train631,55285-14-8,Inactive,,CCCCN(CCCC)SN(C)C(=O)Oc1cccc2c1OC(C)(C)C2
train632,55290-64-7,Inactive,,CC1=C(C)S(=O)(=O)CCS1(=O)=O
train633,55335-06-3,Inactive,,O=C(O)COc1nc(Cl)c(Cl)cc1Cl
train634,55406-53-6,Inactive,,CCCCNC(=O)OCC#CI
train635,57754-85-5,Inactive,,O=C(O)c1nc(Cl)ccc1Cl
train636,57837-19-1,Inactive,,COCC(=O)N(c1c(C)cccc1C)C(C)C(=O)OC
train637,57966-95-7,Active,,CCNC(=O)NC(=O)C(C#N)=NOC
train638,59669-26-0,Inactive,,CSC(C)=NOC(=O)N(C)SN(C)C(=O)ON=C(C)SC
train639,59756-60-4,Inactive,,Cn1cc(-c2ccccc2)c(=O)c(-c2cccc(C(F)(F)F)c2)c1
train640,60168-88-9,Inactive,,OC(c1ccc(Cl)cc1)(c1cncnc1)c1ccccc1Cl
train641,60207-90-1,Inactive,,CCCC1COC(Cn2cncn2)(c2ccc(Cl)cc2Cl)O1
train642,62924-70-3,Inactive,,CCN(Cc1c(F)cccc1Cl)c1c([N+](=O)[O-])cc(C(F)(F)F)cc1[N+](=O)[O-]
train643,63612-50-0,Inactive,,CC1(C)NC(=O)N(c2ccc([N+](=O)[O-])c(C(F)(F)F)c2)C1=O
train644,66215-27-8,Inactive,,Nc1nc(N)nc(NC2CC2)n1
train645,66230-04-4,Inactive,,CC(C)C(C(=O)OC(C#N)c1cccc(Oc2ccccc2)c1)c1ccc(Cl)cc1
train646,66332-96-5,Inactive,,CC(C)Oc1cccc(NC(=O)c2ccccc2C(F)(F)F)c1
train647,66456-53-9,Inactive,,CCCCCCCCCCCC(=O)OCC(C)OC(=O)CCCCC(=O)O
train648,67747-09-5,Inactive,,CCCN(CCOc1c(Cl)cc(Cl)cc1Cl)C(=O)n1ccnc1
train649,68359-37-5,Inactive,,CC1(C)C(C=C(Cl)Cl)C1C(=O)OC(C#N)c1ccc(F)c(Oc2ccccc2)c1
train650,68392-35-8,Inactive,,CCC(=C(c1ccc(O)cc1)c1ccc(OCCN(C)C)cc1)c1ccccc1
train651,68515-49-1,Inactive,,CC(C)CCCCCCCOC(=O)c1ccccc1C(=O)OCCCCCCCC(C)C
train652,68694-11-1,Inactive,,CCCOCC(=Nc1ccc(Cl)cc1C(F)(F)F)n1ccnc1
train653,69327-76-0,Inactive,,CC(C)N1C(=O)N(c2ccccc2)CSC1=NC(C)(C)C
train654,69377-81-7,Inactive,,Nc1c(Cl)c(F)nc(OCC(=O)O)c1Cl
train655,69655-05-6,Inactive,,O=c1[nH]cnc2c1ncn2C1CCC(CO)O1
train656,71283-80-2,Inactive,,CCOC(=O)C(C)Oc1ccc(Oc2nc3ccc(Cl)cc3o2)cc1
train657,71751-41-2,Inactive,,CCC(C)C1OC2(C=CC1C)CC1CC(CC=C(C)C(OC3CC(OC)C(OC4CC(OC)C(O)C(C)O4)C(C)O3)C(C)C=CC=C3COC4C(O)C(C)=CC(C(=O)O1)C34O)O2
train658,72178-02-0,Inactive,,CS(=O)(=O)NC(=O)c1cc(Oc2ccc(C(F)(F)F)cc2Cl)ccc1[N+](=O)[O-]
train659,72490-01-8,Inactive,,CCOC(=O)NCCOc1ccc(Oc2ccccc2)cc1
train660,74051-80-2,Inactive,,CCCC(=NOCC)C1C(=O)CC(CC(C)SCC)CC1=O
train661,74115-24-5,Inactive,,Clc1ccccc1-c1nnc(-c2ccccc2Cl)nn1
train662,75330-75-5,Inactive,,CCC(C)C(=O)OC1CC(C)C=C2C=CC(C)C(CCC3CC(O)CC(=O)O3)C21
train663,76578-14-8,Inactive,,CCOC(=O)C(C)Oc1ccc(Oc2cnc3cc(Cl)ccc3n2)cc1
train664,76738-62-0,Inactive,,CC(C)(C)C(O)C(Cc1ccc(Cl)cc1)n1cncn1
train665,77501-63-4,Inactive,,CCOC(=O)C(C)OC(=O)c1cc(Oc2ccc(C(F)(F)F)cc2Cl)ccc1[N+](=O)[O-]
train666,78587-05-0,Inactive,,CC1C(c2ccc(Cl)cc2)SC(=O)N1C(=O)NC1CCCCC1
train667,79241-46-6,Inactive,,CCCCOC(=O)C(C)Oc1ccc(Oc2ccc(C(F)(F)F)cn2)cc1
train668,79538-32-2,Inactive,,Cc1c(F)c(F)c(COC(=O)C2C(C=C(Cl)C(F)(F)F)C2(C)C)c(F)c1F
train669,79622-59-6,Inactive,,O=[N+]([O-])c1cc(C(F)(F)F)c(Cl)c([N+](=O)[O-])c1Nc1ncc(C(F)(F)F)cc1Cl
train670,79983-71-4,Inactive,,CCCCC(O)(Cn1cncn1)c1ccc(Cl)cc1Cl
train671,80844-07-1,Inactive,,CCOc1ccc(C(C)(C)COCc2cccc(Oc3ccccc3)c2)cc1
train672,81131-70-6,Inactive,,CCC(C)C(=O)OC1CC(O)C=C2C=CC(C)C(CCC(O)CC(O)CC(=O)O)C21
train673,81334-34-1,Inactive,,CC(C)C1(C)N=C(c2ncccc2C(=O)O)NC1=O
train674,81335-37-7,Inactive,,CC(C)C1(C)N=C(c2nc3ccccc3cc2C(=O)O)NC1=O
train675,81335-77-5,Inactive,,CCc1cnc(C2=NC(C)(C(C)C)C(=O)N2)c(C(=O)O)c1
train676,81406-37-3,Inactive,,CCCCCCC(C)OC(=O)COc1nc(F)c(Cl)c(N)c1Cl
train677,81777-89-1,Inactive,,CC1(C)CON(Cc2ccccc2Cl)C1=O
train678,82385-42-0,Inactive,,O=C1NS(=O)(=O)c2ccccc21
train679,82469-79-2,Inactive,,CCCCCCOC(=O)CC(CC(=O)OCCCCCC)(OC(=O)CCC)C(=O)OCCCCCC
train680,82558-50-7,Inactive,,CCC(C)(CC)c1cc(NC(=O)c2c(OC)cccc2OC)on1
train681,82640-04-8,Inactive,,O=C(c1ccc(OCCN2CCCCC2)cc1)c1c(-c2ccc(O)cc2)sc2cc(O)ccc12
train682,82657-04-3,Inactive,,Cc1c(COC(=O)C2C(C=C(Cl)C(F)(F)F)C2(C)C)cccc1-c1ccccc1
train683,83657-24-3,Inactive,,CC(C)(C)C(O)C(=Cc1ccc(Cl)cc1Cl)n1cncn1
train684,84087-01-4,Inactive,,O=C(O)c1c(Cl)ccc2cc(Cl)cnc12
train685,85509-19-9,Inactive,,C[Si](Cn1cncn1)(c1ccc(F)cc1)c1ccc(F)cc1
train686,85532-75-8,Inactive,,CCC(C)N(C)C(=O)c1cc2ccccc2c(-c2ccccc2Cl)n1
train687,86386-73-4,Inactive,,OC(Cn1cncn1)(Cn1cncn1)c1ccc(F)cc1F
train688,86479-06-3,Active,,O=C(NC(=O)c1c(F)cccc1F)Nc1cc(Cl)c(OC(F)(F)C(F)F)c(Cl)c1
train689,87546-18-7,Inactive,,CCCCCOC(=O)COc1cc(N2C(=O)C3=C(CCCC3)C2=O)c(F)cc1Cl
train690,87674-68-8,Inactive,,COCC(C)N(C(=O)CCl)c1c(C)csc1C
train691,87820-88-0,Inactive,,CCON=C(CC)C1C(=O)CC(c2c(C)cc(C)cc2C)CC1=O
train692,88671-89-0,Inactive,,CCCCC(C#N)(Cn1cncn1)c1ccc(Cl)cc1
train694,91082-17-6,Inactive,,CCCCCCCCCCCCCCCS(=O)(=O)Oc1ccccc1
train695,94361-06-5,Inactive,,CC(C1CC1)C(O)(Cn1cncn1)c1ccc(Cl)cc1
train696,95266-40-3,Inactive,,CCOC(=O)C1CC(=O)C(C(=O)C2CC2)C(=O)C1
train697,95737-68-1,Inactive,,CC(COc1ccc(Oc2ccccc2)cc1)Oc1ccccn1
train698,96489-71-3,Inactive,,CC(C)(C)c1ccc(CSc2cnn(C(C)(C)C)c(=O)c2Cl)cc1
train699,97322-87-7,Active,,Cc1c(C)c2c(c(C)c1O)CCC(C)(COc1ccc(CC3SC(=O)NC3=O)cc1)O2
train700,97886-45-8,Inactive,,CSC(=O)c1c(C(F)F)nc(C(F)(F)F)c(C(=O)SC)c1CC(C)C
train701,98886-44-3,Active,,CCOP(=O)(SC(C)CC)N1CCSC1=O
train703,103361-09-7,Inactive,,C#CCN1C(=O)COc2cc(F)c(N3C(=O)C4=C(CCCC4)C3=O)cc21
train704,104098-48-8,Inactive,,Cc1cnc(C2=NC(=O)C(C)(C(C)C)N2)c(C(=O)O)c1
train705,104206-82-8,Active,,CS(=O)(=O)c1ccc(C(=O)C2C(=O)CCCC2=O)c([N+](=O)[O-])c1
train706,104795-68-8,Inactive,,COc1ccc2sc(C(=O)Nc3nnn[nH]3)c(OC(C)C)c2c1
train707,105512-06-9,Inactive,,C#CCOC(=O)C(C)Oc1ccc(Oc2ncc(Cl)cc2F)cc1
train708,105624-86-0,Inactive,,CC(C)c1cccc(C(C)C)c1N1C(=O)c2ccc(O)cc2C1=O
train709,107534-96-3,Inactive,,CC(C)(C)C(O)(CCc1ccc(Cl)cc1)Cn1cncn1
train710,110235-47-7,Inactive,,CC#Cc1cc(C)nc(Nc2ccccc2)n1
train711,110488-70-5,Inactive,,COc1ccc(C(=CC(=O)N2CCOCC2)c2ccc(Cl)cc2)cc1OC
train713,111988-49-9,Inactive,,N#CN=C1SCCN1Cc1ccc(Cl)nc1
train714,112281-77-3,Inactive,,FC(F)C(F)(F)OCC(Cn1cncn1)c1ccc(Cl)cc1Cl
train715,112410-23-8,Inactive,,CCc1ccc(C(=O)NN(C(=O)c2cc(C)cc(C)c2)C(C)(C)C)cc1
train716,112529-15-4,Inactive,,CCc1ccc(CCOc2ccc(CC3SC(=O)NC3=O)cc2)nc1
train717,112733-06-9,Inactive,,O=C(O)Cn1c(=O)n(Cc2ccc(Br)cc2F)c(=O)c2ccc(Cl)cc21
train718,113136-77-9,Inactive,,O=C(O)C1(C(=O)Nc2ccc(Cl)cc2Cl)CC1
train719,113734-18-2,Inactive,,CC(Cc1ccc(OCC(=O)O)cc1)NCC(O)c1csc(C(F)(F)F)n1
train720,114311-32-9,Inactive,,COCc1cnc(C2=NC(C)(C(C)C)C(=O)N2)c(C(=O)O)c1
train721,114369-43-6,Inactive,,N#CC(CCc1ccc(Cl)cc1)(Cn1cncn1)c1ccccc1
train722,116714-46-6,Inactive,,O=C(NC(=O)c1c(F)cccc1F)Nc1ccc(OC(F)(F)C(F)OC(F)(F)F)c(Cl)c1
train723,117337-19-6,Inactive,,COC(=O)CSc1cc(N=c2sc(=O)n3n2CCCC3)c(F)cc1Cl
train724,117428-22-5,Inactive,,COC=C(C(=O)OC)c1ccccc1COc1cccc(C(F)(F)F)n1
train725,117718-60-2,Inactive,,COC(=O)c1c(C(F)F)nc(C(F)(F)F)c(C2=NCCS2)c1CC(C)C
train726,118134-30-8,Inactive,,CCCN(CC)CC1COC2(CCC(C(C)(C)C)CC2)O1
train728,119446-68-3,Inactive,,CC1COC(Cn2cncn2)(c2ccc(Oc3ccc(Cl)cc3)cc2Cl)O1
train729,119515-38-7,Inactive,,CCC(C)OC(=O)N1CCCCC1CCO
train731,120116-88-3,Inactive,,Cc1ccc(-c2c(Cl)nc(C#N)n2S(=O)(=O)N(C)C)cc1
train732,121552-61-2,Inactive,,Cc1cc(C2CC2)nc(Nc2ccccc2)n1
train733,122008-85-9,Inactive,,CCCCOC(=O)C(C)Oc1ccc(Oc2ccc(C#N)cc2F)cc1
train734,122836-35-5,Inactive,,Cc1nn(-c2cc(NS(C)(=O)=O)c(Cl)cc2Cl)c(=O)n1C(F)F
train735,123122-55-4,Inactive,,COCCOCC(CC1(C(=O)NC2CCC(C(=O)O)CC2)CCCC1)C(=O)Oc1ccc2c(c1)CCC2
train736,123312-89-0,Inactive,,CC1=NNC(=O)N(N=Cc2cccnc2)C1
train737,123343-16-8,Inactive,,COc1cc(OC)nc(Sc2cccc(Cl)c2C(=O)O)n1
train738,124378-77-4,Inactive,,CN(C(=O)Cc1cccc2occc12)C1CCC2(CCCO2)CC1N1CCCC1
train739,124495-18-7,Inactive,,Fc1ccc(Oc2ccnc3cc(Cl)cc(Cl)c23)cc1
train740,126833-17-8,Inactive,,CC1(C(=O)Nc2ccc(O)c(Cl)c2Cl)CCCCC1
train741,127308-82-1,Inactive,,c1ccc(C(OC2CCCN(CCc3ccc4c(c3)OCO4)C2)c2ccccc2)cc1
train742,128639-02-1,Inactive,,CCOC(=O)C(Cl)Cc1cc(-n2nc(C)n(C(F)F)c2=O)c(F)cc1Cl
train743,129298-91-5,Inactive,,COC1C(OC(=O)NC(=O)CCl)CCC2(CO2)C1C1(C)OC1CC=C(C)C
train744,129453-61-8,Inactive,,CC12CCC3c4ccc(O)cc4CC(CCCCCCCCCS(=O)CCCC(F)(F)C(F)(F)F)C3C1CCC2O
train746,131341-86-1,Inactive,,N#Cc1c[nH]cc1-c1cccc2c1OC(F)(F)O2
train747,131860-33-8,Inactive,,COC=C(C(=O)OC)c1ccccc1Oc1cc(Oc2ccccc2C#N)ncn1
train748,131983-72-7,Inactive,,CC1(C)CCC(=Cc2ccc(Cl)cc2)C1(O)Cn1cncn1
train749,134002-60-1,Inactive,,O=C(O)c1cccc(CC2COc3ccc(OCc4nc5cc(F)ccc5s4)cc3C2O)c1
train750,134605-64-4,Inactive,,C=CCOC(=O)C(C)(C)OC(=O)c1cc(-n2c(=O)cc(C(F)(F)F)n(C)c2=O)ccc1Cl
train751,135080-03-4,Inactive,,NC(=O)N1C(=O)C(C(=O)c2cc(Cl)cs2)c2cc(F)c(Cl)cc21
train752,135158-54-2,Active,,CSC(=O)c1cccc2nnsc12
train753,135410-20-7,Inactive,,CC(=NC#N)N(C)Cc1ccc(Cl)nc1
train755,138261-41-3,Inactive,,O=[N+]([O-])N=C1NCCN1Cc1ccc(Cl)nc1
train756,138472-01-2,Active,,CCC(=CC(N=O)C(N)=O)C(C)[N+](=O)[O-]
train757,139290-65-6,Inactive,,COc1cccc(C(O)C2CCN(CCc3ccc(F)cc3)CC2)c1OC
train758,141112-29-0,Inactive,,CS(=O)(=O)c1cc(C(F)(F)F)ccc1C(=O)c1cnoc1C1CC1
train759,141517-21-7,Inactive,,CON=C(C(=O)OC)c1ccccc1CON=C(C)c1cccc(C(F)(F)F)c1
train760,142459-58-3,Active,,CC(C)N(C(=O)COc1nnc(C(F)(F)F)s1)c1ccc(F)cc1
train761,144550-36-7,Inactive,,COC(=O)c1ccc(I)cc1S(=O)(=O)NC(=O)Nc1nc(C)nc(OC)n1
train763,145742-28-5,Inactive,,COc1ccc(OC(F)(F)F)cc1CNC1CCCNC1c1ccccc1
train764,146011-65-6,Inactive,,Cc1ccc2oc(CN(Cc3ccccc3)C(=O)Nc3c(F)cc(F)cc3F)c(-c3ccc(Cl)cc3)c2c1
train765,148477-71-8,Inactive,,CCC(C)(C)C(=O)OC1=C(c2cc(Cl)cc(Cl)c2)C(=O)OC12CCCCC2
train766,149062-75-9,Inactive,,Clc1cc(Cl)c2c(c1)N=C1CCCCCN1C2
train767,149979-41-9,Inactive,,CCC(=NOCC=CCl)C1C(=O)CC(C2CCOCC2)CC1=O
train769,153233-91-1,Inactive,,CCOc1cc(C(C)(C)C)ccc1C1COC(c2c(F)cccc2F)=N1
train770,153719-23-4,Inactive,,CN1COCN(Cc2cnc(Cl)s2)C1=N[N+](=O)[O-]
train771,155569-91-8,Inactive,,CCC(C)C1OC2(C=CC1C)CC1CC(CC=C(C)C(OC3CC(OC)C(OC4CC(OC)C(NC)C(C)O4)C(C)O3)C(C)C=CC=C3COC4C(O)C(C)=CC(C(=O)O1)C34O)O2
train772,156052-68-5,Inactive,,CCC(C)(NC(=O)c1cc(Cl)c(C)c(Cl)c1)C(=O)CCl
train773,159138-81-5,Inactive,,CC(C)c1ccc(C(=O)N=C(N)N)cc1S(C)(=O)=O
train774,161050-58-4,Inactive,,COc1cccc(C(=O)NN(C(=O)c2cc(C)cc(C)c2)C(C)(C)C)c1C
train775,161326-34-7,Active,,CSC1=NC(C)(c2ccccc2)C(=O)N1Nc1ccccc1
train776,162706-14-1,Inactive,,Cc1c(-c2cccnc2)c2ccccc2n1CCCCC(=O)O
train777,166412-78-8,Inactive,,CC(C)CCCCCCOC(=O)C1CCCCC1C(=O)OCCCCCCC(C)C
train779,171866-31-2,Inactive,,Oc1ccc2c(c1)OCC(N1CCC(O)(c3ccc(F)cc3)CC1)C2O
train780,173584-44-6,Inactive,,COC(=O)N(C(=O)N1COC2(C(=O)OC)Cc3cc(Cl)ccc3C2=N1)c1ccc(OC(F)(F)F)cc1
train781,174185-16-1,Inactive,,Cc1oc2c(NC(=O)c3c(Cl)cccc3Cl)cccc2c1C(C)(C)O
train782,175013-18-0,Inactive,,COC(=O)N(OC)c1ccccc1COc1ccn(-c2ccc(Cl)cc2)n1
train783,177785-47-6,Inactive,,CCC(C)C(C(=O)O)n1sc2ccccc2c1=O
train784,180084-01-9,Inactive,,CCN1CCC2(CC1)COc1cc3c(cc12)N(C(=O)c1ccc(-c2ccc(-c4nnc(C)o4)cc2C)cc1)CC3
train785,181274-15-7,Inactive,,CCCOc1nn(C(=O)NS(=O)(=O)c2ccccc2C(=O)OC)c(=O)n1C
train786,181640-09-5,Inactive,,CN(C)C(=O)NC1(c2ccccc2)CCN(CCC2(c3ccc(F)c(F)c3)CN(C(=O)c3ccccc3)CCO2)CC1
train787,184653-84-7,Inactive,,CC(=O)c1ccc2c(c1)C(NC(=O)c1ccc(F)cc1)C(O)C(C)(C)O2
train788,186392-65-4,Inactive,,O=C(NC(Cc1ccccc1)C(O)C(=O)N1CC(O)C(O)C1)c1cc2cc(Cl)ccc2[nH]1
train789,188425-85-6,Inactive,,O=C(Nc1ccccc1-c1ccc(Cl)cc1)c1cccnc1Cl
train790,188489-07-8,Inactive,,CCOC(=O)COc1cc(-n2ncc(C(F)(F)F)c(C)c2=O)c(F)cc1Cl
train791,189003-92-7,Inactive,,NC(=O)Cn1c(=O)cc(CCN2CCN(c3nccc4sccc34)CC2)c2ccc(F)cc21
train792,194098-25-4,Inactive,,CNCc1ccc(NC(=O)c2c[nH]c3c2C(=O)CCC3)cc1
train794,199119-58-9,Inactive,,COc1cc(OC)nc(NC(=O)NS(=O)(=O)c2ncccc2OCC(F)(F)F)n1
train795,199171-88-5,Inactive,,CCC1NN(C2CCCCC2)c2cc(C3(C#N)CCC(C(=O)O)CC3)ccc21
train796,200940-23-4,Inactive,,Cc1cc2c(cc1C(F)(F)F)N(C(=O)Nc1ccc(Oc3cccnc3C)nc1)CC2
train797,210880-92-5,Inactive,,CNC(=N[N+](=O)[O-])NCc1cnc(Cl)s1
train798,214535-77-0,Inactive,,CC(C)(O)c1ccc(CNC(=O)c2cccnc2Oc2ccc(F)cc2)cc1
train801,219790-72-4,Inactive,,OCC(CO)n1cnc(-c2ccc(F)cc2)c1-c1ccnc(Oc2ccccc2)n1
train802,220860-50-4,Inactive,,CCOc1ccc2c(n1)C(=O)C(C(=O)NCc1ccccc1)C=N2
train803,221246-12-4,Inactive,,CCc1cc(C2=C(C(=O)O)N(c3ccccc3C(F)(F)F)S(=O)(=O)c3ccccc32)cc2c1OCO2
train804,221671-62-1,Inactive,,COc1cc(-c2nc(NC(=O)c3cc4cc(C)cc(C)c4n3CC(=O)O)sc2CCC2CCCCC2)c(OC)cc1Cl
train805,230954-09-3,Active,,O=C(NO)C1(NS(=O)(=O)c2ccc(Oc3ccc(F)cc3)cc2)CCOCC1
train807,253450-09-8,Inactive,,O=c1[nH]c2ccc(S(=O)CCN3CCC(Cc4ccc(F)cc4)CC3)cc2o1
train808,261947-38-0,Inactive,,CCC1CC(N(Cc2cc(C(F)(F)F)cc(C(F)(F)F)c2)C(C)=O)c2cc(C(F)(F)F)ccc2N1C(=O)OC(C)C
train809,263553-33-9,Inactive,,CCN(C(=O)c1cc(C)cc(OCC(C)Nc2ccncc2)c1)C(C)C
train810,264618-44-2,Inactive,,CN(C)C(=O)NC1(c2ccccc2)CCN(CCCC2(c3ccc(Cl)c(Cl)c3)CCCN(C(=O)c3ccccc3)C2)CC1
train812,289716-94-5,Inactive,,CNCc1cc(F)ccc1Oc1ccc(Cl)c(Cl)c1
train813,290352-28-2,Active,,Cc1cc(NC(=O)C(=O)O)cc(C)c1Oc1ccc(O)c2c1CCC2
train814,291305-06-1,Inactive,,CNC1CCC(c2ccc(Cl)c(Cl)c2)c2ccc(S(N)(=O)=O)cc21
train815,298198-52-4,Inactive,,O=C(Oc1ccc(Br)cc1)N1CCN2CCC1CC2
train816,331623-06-4,Inactive,,CCCCc1ccc2c(n1)C(c1ccc(OC)cc1CC(C)C(=O)O)C(C(=O)O)C2c1ccc2c(c1)OCO2
train817,344930-95-6,Inactive,,COc1cc(C(C)C)c2c(c1)S(=O)(=O)N(COc1cc(=O)n3cccc(OCCN4CCCCC4)c3n1)C2=O
train818,353280-07-6,Inactive,,CC(C)(O)c1ccc(CNC(=O)c2cccnc2Oc2ccc3c(c2)NON3)cc1
train819,361377-29-9,Inactive,,CON=C(C1=NOCCO1)c1ccccc1Oc1ncnc(Oc2ccccc2Cl)c1F
train820,368832-42-2,Inactive,,CCC1CCC(NCc2cc3c(cc2OC)C2CC2C(=O)N3C)C(c2ccccc2)N1
train821,402910-27-4,Inactive,,CSc1ccc(Oc2ccc(S(N)(=O)=O)cc2CN(C)C)cc1C
train822,439687-69-1,Inactive,,COc1ccc(S(=O)(=O)N2C(=O)C(c3ccccc3OC)(N3CC(O)CC3C(=O)N(C)C)c3cc(Cl)ccc32)c(OC)c1
train823,444610-91-7,Inactive,,CCc1cc(SCc2sc(-c3ccc(C(F)(F)F)cc3)nc2CN2CCN(c3ccc(OC)cc3)CC2)ccc1OCC(=O)O
train824,445295-04-5,Active,,CC(Oc1ccc(CNC(=O)c2cccnc2Oc2ccc3c(c2)OCO3)c(F)c1)C(=O)O
train825,460081-99-6,Active,,O=C(O)c1cccc(N(Cc2cccnc2)c2ccc(OC(F)F)c(OC(F)F)c2)c1
train826,461023-63-2,Inactive,,CCCCN1C(=O)C(C(O)C2CCCCC2)NC(=O)C12CCN(Cc1ccc(Oc3ccc(C(=O)O)cc3)cc1)CC2
train827,473289-62-2,Inactive,,CC(=O)SC(C(=O)NC1Cc2ccccc2C2CCCC(C(=O)O)N2C1=O)C(C)C
train828,478149-53-0,Inactive,,O=C(NC1CN2CCC1CC2)c1cc2ccoc2cn1
train829,478263-98-8,Inactive,,CCC(NC(=O)c1cc(F)ccc1NS(=O)(=O)c1cccc2cccnc12)c1ccccc1
train830,501027-49-2,Active,,Cc1oc(-c2ccccc2)nc1CCOc1cccc2c1ccn2CCC(=O)O
train831,527680-56-4,Inactive,,O=C(NC1CN2CCC1CC2)c1ccc2c(c1)OCCO2
train832,588941-45-1,Inactive,,CS(=O)(=O)c1ccc(C(CC2CCCC2)C(=O)Nc2cnccn2)cc1Cl
train833,625114-41-2,Inactive,,CS(=O)(=O)c1ccc(C(CC2CCC(=O)C2)C(=O)Nc2cnccn2)cc1Cl
train834,648917-13-9,Inactive,,O=C(NC(=O)c1cc(F)c(F)cc1Cl)Nc1cc(F)ccc1N1CCC(C(=O)O)CC1
train835,668981-02-0,Inactive,,CC(C)C1NNC2CCC(c3ocnc3-c3cc(F)ccc3F)CN21
train836,676116-04-4,Inactive,,Cc1cc(CCN2CCN(c3nsc4ccccc34)CC2)cc2c1NC(=O)CC2(C)C
train837,686756-87-6,Inactive,,CN1C(=O)N(c2ccccc2Br)Cc2cnc(Nc3ccc4c(c3)OCC(CO)O4)nc21
train838,742693-38-5,Inactive,,O=C(NC(c1ccccc1)C1CCCCN1)c1cccc(C(F)(F)F)c1Cl
train839,825643-57-0,Inactive,,Cc1cc(F)ccc1-c1cc(N2CCC(O)C2CO)ncc1N(C)C(=O)C(C)(C)c1cc(C(F)(F)F)cc(C(F)(F)F)c1
train840,851916-42-2,Inactive,,COC1COCCC1NC1CCC(C(=O)N2CCc3ncc(C(F)(F)F)cc3C2)(C(C)C)C1
train841,862243-29-6,Inactive,,O=C(O)c1ccccc1-n1cc(C(=O)O)c(=O)c2cc(Nc3c(F)cc(F)cc3Cl)c(Cl)cc21
train842,864283-48-7,Inactive,,N#Cc1ccc(N(CC(N)=O)CC(F)(F)F)cc1C(F)(F)F
train843,929601-09-2,Inactive,,CCOC(=O)COc1ccc2c(c1)CC(NCC(O)c1cccc(Cl)c1)CC2
train844,1068967-96-3,Inactive,,Cc1nc(-c2ccccn2)ncc1C(=O)Nn1cc(C)c2cc(F)ccc21
train845,1111134-74-2,Inactive,,CCC1OC2(CCC1C)CC1CC(CC=C(C)CC(C)C=CC=C3COC4C(O)C(C)=CC(C(=O)O1)C34O)O2
train846,1111147-24-8,Inactive,,Cc1cc2c3c(c1)C(c1ccccc1)=NC(NC(=O)c1ccncc1)C(=O)N3CC2
train847,1111147-26-5,Active,,O=C(O)CCN(C1(C(=O)NO)CCCC1)S(=O)(=O)c1ccc(Oc2ccc(F)cc2)cc1
train848,1111147-26-7,Inactive,,Cc1nc(C)nc(N2CC(C)N(c3ccnc(C(C)O)n3)C(C)C2)n1
train849,1111147-29-1,Active,,Nc1cc2c3c(c1)C(c1ccccc1)=NC(NC(=O)c1cccnc1)C(=O)N3CC2
train850,1111147-29-2,Inactive,,NCC1(Cc2noc(=O)[nH]2)CCCCC1
train853,1111147-32-5,Inactive,,Cc1nc(-c2ccc3c(c2)CCN(CCC2CCC(NC(=O)C=Cc4ccc(F)cc4)CC2)CC3)no1
train855,1111147-33-3,Inactive,,Cc1ncc(C(CCCCCCc2ccc3c(n2)NCCC3)CC(=O)O)cn1
train856,1111147-33-4,Inactive,,Fc1ccccc1C(F)COC1CCC(Nc2[nH]cnc3nncc2-3)CC1
train857,1111147-34-2,Inactive,,COc1cccc(-c2ccc(C=CCN3CCCCCC3)cc2Cl)c1
train858,1111147-34-6,Active,,N#CC1CC(F)(F)CN1C(=O)CNC1CC2CCC(C1)N2c1ncccn1
train859,1111147-36-4,Inactive,,O=C(NC(c1ccccc1)C1CN2CCC1CC2)c1c(Cl)ccc(C(F)(F)F)c1Cl
train860,1111147-37-4,Inactive,,COc1ccc(C(=O)Nc2nc3ccccc3c(NCc3ccccc3)c2C#N)cc1
train861,1111147-37-9,Inactive,,CCN(Cc1cccnc1)C(=O)c1cccc(Cl)c1C1(C)C(=O)N(Cc2ccc(OC)cc2OC)c2ccc(Cl)cc21
train862,1111147-38-1,Inactive,,CCCOc1sc(C(=O)N2CCC(c3cc(CN)ccc3F)CC2)c(C)c1Br
train864,1111147-38-5,Inactive,,COCCOc1cc2cc(C(=O)NC3CCN(C(C)C)CC3)n(CC(=O)Nc3ccc(Cl)cn3)c2cn1
train865,1111147-38-7,Inactive,,CC(=O)NC1(c2cccc(F)c2)CCN(CCC2(c3ccc(Cl)c(Cl)c3)CN(c3ccccc3)C(=O)CO2)CC1
train866,1111148-17-6,Inactive,,Cc1occc1C(=O)Nc1ccc(C(=O)N2CCC(F)(F)C(=CC(=O)N3CCC(N4CCCCC4)CC3)c3ccccc32)cc1
train867,1111148-50-5,Active,,Cc1[nH]nc2c1N=C(c1ccccc1Cl)c1cc([N+](=O)[O-])ccc1N2
train868,1111148-50-7,Inactive,,Cn1c(=O)cc(Oc2ccc(F)cc2F)c2cnc(NCC(C)(C)O)nc21
train869,1111148-50-9,Inactive,,CCCN(C1CCN(C(=O)C2CCNCC2)CC1)C1CCc2ccc(OC)cc2C1
train870,1111148-51-4,Inactive,,COc1ccc(C=CS(=O)(=O)NC(=O)c2ccc(C)cc2Cl)cc1
train871,1111148-51-6,Inactive,,O=C(NS(=O)(=O)C=Cc1ccccc1)c1ccc(F)cc1Cl
train872,1111148-51-8,Inactive,,O=C(NS(=O)(=O)C=Cc1cccs1)c1ccc(F)cc1Br
train873,1191914-21-2,Inactive,,CCCCC1CN(CC2CCOCC2)C(=O)OC12CCN(C1(C)CCN(C(=O)c3c(C)ncnc3C)CC1)CC2
test1,47-35-1,Inactive,*,COc1ccc2cc(S(=O)(=O)NC(CC(=O)NC(Cc3ccc(CN4C(C)CCCC4C)cc3)C(=O)N(C)C(C)C)c3ccc4c(c3)OCO4)ccc2c1
test2,50-21-5,Inactive,*,CC(O)C(=O)O
test3,50-27-1,Active,*,CC12CCC3c4ccc(O)cc4CCC3C1CC(O)C2O
test4,50-33-9,Active,*,CCCCC1C(=O)N(c2ccccc2)N(c2ccccc2)C1=O
test5,50-81-7,Active,*,O=C1OC(C(O)CO)C(O)=C1O
test6,51-05-8,Inactive,*,CCN(CC)CCOC(=O)c1ccc(N)cc1
test7,53-19-0,Inactive,*,Clc1ccc(C(c2ccccc2Cl)C(Cl)Cl)cc1
test8,53-43-0,Inactive,*,CC12CCC3C(CC=C4CC(O)CCC43C)C1CCC2=O
test9,53-70-3,Inactive,*,c1ccc2c(c1)ccc1cc3c(ccc4ccccc43)cc12
test10,57-06-7,Inactive,*,C=CCN=C=S
test11,57-10-3,Inactive,*,CCCCCCCCCCCCCCCC(=O)O
test12,57-14-7,Inactive,*,CN(C)N
test13,57-68-1,Active,*,Cc1cc(C)nc(NS(=O)(=O)c2ccc(N)cc2)n1
test14,58-72-0,Inactive,*,C(=C(c1ccccc1)c1ccccc1)c1ccccc1
test15,58-85-5,Inactive,*,O=C(O)CCCCC1SCC2NC(=O)NC21
test16,58-86-6,Inactive,*,OC1COC(O)C(O)C1O
test17,59-40-5,Active,*,Nc1ccc(S(=O)(=O)Nc2cnc3ccccc3n2)cc1
test18,60-12-8,Inactive,*,OCCc1ccccc1
test19,61-82-5,Active,*,Nc1nc[nH]n1
test20,63-42-3,Inactive,*,OCC1OC(OC2C(CO)OC(O)C(O)C2O)C(O)C(O)C1O
test21,64-10-8,Inactive,*,NC(=O)Nc1ccccc1
test22,65-45-2,Inactive,*,NC(=O)c1ccccc1O
test23,66-71-7,Inactive,*,c1cnc2c(c1)ccc1cccnc12
test24,67-68-5,Inactive,*,CS(C)=O
test25,68-11-1,Active,*,O=C(O)CS
test26,69-72-7,Inactive,*,O=C(O)c1ccccc1O
test27,70-55-3,Inactive,*,Cc1ccc(S(N)(=O)=O)cc1
test28,71-23-8,Inactive,*,CCCO
test29,72-33-3,Inactive,*,C#CC1(O)CCC2C3CCc4cc(OC)ccc4C3CCC21C
test30,73-31-4,Inactive,*,COc1ccc2[nH]cc(CCNC(C)=O)c2c1
test31,75-50-3,Inactive,*,CN(C)C
test32,75-64-9,Inactive,*,CC(C)(C)N
test33,75-86-5,Active,*,CC(C)(O)C#N
test34,76-49-3,Inactive,*,CC(=O)OC1CC2CCC1(C)C2(C)C
test35,77-06-5,Inactive,*,C=C1CC23CC1(O)CCC2C12C=CC(O)C(C)(C(=O)O1)C2C3C(=O)O
test36,77-73-6,Inactive,*,C1=CC2C3C=CC(C3)C2C1
test37,77-83-8,Inactive,*,CCOC(=O)C1OC1(C)c1ccccc1
test38,77-86-1,Inactive,*,NC(CO)(CO)CO
test39,78-07-9,Inactive,*,CCO[Si](CC)(OCC)OCC
test40,78-11-5,Inactive,*,O=[N+]([O-])OCC(CO[N+](=O)[O-])(CO[N+](=O)[O-])CO[N+](=O)[O-]
test41,78-40-0,Inactive,*,CCOP(=O)(OCC)OCC
test42,78-51-3,Inactive,*,CCCCOCCOP(=O)(OCCOCCCC)OCCOCCCC
test43,78-69-3,Inactive,*,CCC(C)(O)CCCC(C)C
test44,78-70-6,Inactive,*,C=CC(C)(O)CCC=C(C)C
test45,78-82-0,Inactive,*,CC(C)C#N
test46,78-96-6,Inactive,*,CC(O)CN
test47,79-14-1,Inactive,*,O=C(O)CO
test48,79-24-3,Inactive,*,CC[N+](=O)[O-]
test49,79-92-5,Inactive,*,C=C1C2CCC(C2)C1(C)C
test50,80-07-9,Inactive,*,O=S(=O)(c1ccc(Cl)cc1)c1ccc(Cl)cc1
test51,80-09-1,Active,*,O=S(=O)(c1ccc(O)cc1)c1ccc(O)cc1
test52,80-26-2,Inactive,*,CC(=O)OC(C)(C)C1CC=C(C)CC1
test53,80-27-3,Inactive,*,CCC(=O)OC(C)(C)C1CC=C(C)CC1
test54,80-54-6,Inactive,*,CC(C=O)Cc1ccc(C(C)(C)C)cc1
test55,80-56-8,Inactive,*,CC1=CCC2CC1C2(C)C
test56,81-88-9,Inactive,*,CCN(CC)c1ccc2c(c1)Oc1cc(N(CC)CC)ccc1C2c1ccccc1C(=O)O
test57,83-88-5,Inactive,*,Cc1cc2nc3c(=O)[nH]c(=O)nc-3n(CC(O)C(O)C(O)CO)c2cc1C
test58,84-61-7,Inactive,*,O=C(OC1CCCCC1)c1ccccc1C(=O)OC1CCCCC1
test59,85-40-5,Inactive,*,O=C1NC(=O)C2CC=CCC12
test60,85-41-6,Inactive,*,O=C1NC(=O)c2ccccc21
test61,86-87-3,Inactive,*,O=C(O)Cc1cccc2ccccc12
test62,87-01-4,Inactive,*,Cc1cc(=O)oc2cc(N(C)C)ccc12
test63,87-18-3,Inactive,*,CC(C)(C)c1ccc(OC(=O)c2ccccc2O)cc1
test64,87-24-1,Inactive,*,CCOC(=O)c1ccccc1C
test65,87-25-2,Inactive,*,CCOC(=O)c1ccccc1N
test66,88-04-0,Inactive,*,Cc1cc(O)cc(C)c1Cl
test67,88-24-4,Active,*,CCc1cc(Cc2cc(CC)cc(C(C)(C)C)c2O)c(O)c(C(C)(C)C)c1
test68,88-30-2,Inactive,*,O=[N+]([O-])c1ccc(O)cc1C(F)(F)F
test69,88-41-5,Inactive,*,CC(=O)OC1CCCCC1C(C)(C)C
test70,88-69-7,Inactive,*,CC(C)c1ccccc1O
test71,88-74-4,Inactive,*,Nc1ccccc1[N+](=O)[O-]
test72,88-75-5,Inactive,*,O=[N+]([O-])c1ccccc1O
test73,89-71-4,Inactive,*,COC(=O)c1ccccc1C
test74,89-73-6,Active,*,O=C(NO)c1ccccc1O
test75,89-87-2,Inactive,*,Cc1ccc([N+](=O)[O-])c(C)c1
test76,90-00-6,Inactive,*,CCc1ccccc1O
test77,90-02-8,Inactive,*,O=Cc1ccccc1O
test78,90-05-1,Active,*,COc1ccccc1O
test79,90-15-3,Active,*,Oc1cccc2ccccc12
test80,90-30-2,Active,*,c1ccc(Nc2cccc3ccccc23)cc1
test81,90-72-2,Inactive,*,CN(C)Cc1cc(CN(C)C)c(O)c(CN(C)C)c1
test82,91-01-0,Inactive,*,OC(c1ccccc1)c1ccccc1
test83,92-04-6,Inactive,*,Oc1ccc(-c2ccccc2)c(Cl)c1
test84,92-69-3,Inactive,*,Oc1ccc(-c2ccccc2)cc1
test85,93-08-3,Inactive,*,CC(=O)c1ccc2ccccc2c1
test86,93-56-1,Inactive,*,OCC(O)c1ccccc1
test87,93-65-2,Inactive,*,Cc1cc(Cl)ccc1OC(C)C(=O)O
test88,93-76-5,Inactive,*,O=C(O)COc1cc(Cl)c(Cl)cc1Cl
test89,93-89-0,Inactive,*,CCOC(=O)c1ccccc1
test90,93-92-5,Inactive,*,CC(=O)OC(C)c1ccccc1
test91,93-99-2,Inactive,*,O=C(Oc1ccccc1)c1ccccc1
test92,94-08-6,Inactive,*,CCOC(=O)c1ccc(C)cc1
test93,94-18-8,Inactive,*,O=C(OCc1ccccc1)c1ccc(O)cc1
test94,94-46-2,Inactive,*,CC(C)CCOC(=O)c1ccccc1
test95,94-47-3,Inactive,*,O=C(OCCc1ccccc1)c1ccccc1
test96,94-60-0,Inactive,*,COC(=O)C1CCC(C(=O)OC)CC1
test97,94-71-3,Active,*,CCOc1ccccc1O
test98,94-80-4,Inactive,*,CCCCOC(=O)COc1ccc(Cl)cc1Cl
test99,94-81-5,Inactive,*,Cc1cc(Cl)ccc1OCCCC(=O)O
test100,94-91-7,Active,*,CC(CN=Cc1ccccc1O)N=Cc1ccccc1O
test101,94-96-2,Inactive,*,CCCC(O)C(CC)CO
test102,95-13-6,Active,*,C1=Cc2ccccc2C1
test103,95-16-9,Active,*,c1ccc2scnc2c1
test104,95-74-9,Active,*,Cc1ccc(N)cc1Cl
test105,95-76-1,Active,*,Nc1ccc(Cl)c(Cl)c1
test106,95-93-2,Inactive,*,Cc1cc(C)c(C)cc1C
test107,96-24-2,Inactive,*,OCC(O)CCl
test108,96-41-3,Inactive,*,OC1CCCC1
test109,96-83-3,Inactive,*,CCC(Cc1c(I)cc(I)c(N)c1I)C(=O)O
test110,97-00-7,Inactive,*,O=[N+]([O-])c1ccc(Cl)c([N+](=O)[O-])c1
test111,97-23-4,Inactive,*,Oc1ccc(Cl)cc1Cc1cc(Cl)ccc1O
test112,97-52-9,Inactive,*,COc1cc([N+](=O)[O-])ccc1N
test113,97-59-6,Inactive,*,NC(=O)NC1NC(=O)NC1=O
test114,97-78-9,Inactive,*,CCCCCCCCCCCC(=O)N(C)CC(=O)O
test115,97-99-4,Inactive,*,OCC1CCCO1
test116,98-00-0,Active,*,OCc1ccco1
test117,98-51-1,Inactive,*,Cc1ccc(C(C)(C)C)cc1
test118,98-52-2,Inactive,*,CC(C)(C)C1CCC(O)CC1
test119,98-53-3,Inactive,*,CC(C)(C)C1CCC(=O)CC1
test120,98-56-6,Inactive,*,FC(F)(F)c1ccc(Cl)cc1
test121,98-92-0,Inactive,*,NC(=O)c1cccnc1
test122,99-07-0,Active,*,CN(C)c1cccc(O)c1
test123,99-63-8,Active,*,O=C(Cl)c1cccc(C(=O)Cl)c1
test124,99-85-4,Inactive,*,CC1=CCC(C(C)C)=CC1
test125,99-86-5,Inactive,*,CC1=CC=C(C(C)C)CC1
test126,99-89-8,Active,*,CC(C)c1ccc(O)cc1
test127,99-93-4,Inactive,*,CC(=O)c1ccc(O)cc1
test128,99-96-7,Active,*,O=C(O)c1ccc(O)cc1
test129,100-21-0,Inactive,*,O=C(O)c1ccc(C(=O)O)cc1
test130,100-64-1,Inactive,*,ON=C1CCCCC1
test131,101-37-1,Inactive,*,C=CCOc1nc(OCC=C)nc(OCC=C)n1
test132,101-42-8,Active,*,CN(C)C(=O)Nc1ccccc1
test133,101-81-5,Inactive,*,c1ccc(Cc2ccccc2)cc1
test134,101-83-7,Inactive,*,C1CCC(NC2CCCCC2)CC1
test135,101-84-8,Inactive,*,c1ccc(Oc2ccccc2)cc1
test136,103-09-3,Inactive,*,CCCCC(CC)COC(C)=O
test137,103-11-7,Inactive,*,C=CC(=O)OCC(CC)CCCC
test138,103-34-4,Active,*,C1CN(SSN2CCOCC2)CCO1
test139,103-41-3,Inactive,*,O=C(C=Cc1ccccc1)OCc1ccccc1
test140,103-76-4,Inactive,*,OCCN1CCNCC1
test141,104-13-2,Active,*,CCCCc1ccc(N)cc1
test142,104-45-0,Inactive,*,CCCc1ccc(OC)cc1
test143,104-54-1,Inactive,*,OCC=Cc1ccccc1
test144,104-61-0,Inactive,*,CCCCCC1CCC(=O)O1
test145,104-66-5,Inactive,*,c1ccc(OCCOc2ccccc2)cc1
test146,105-21-5,Inactive,*,CCCC1CCC(=O)O1
test147,105-37-3,Inactive,*,CCOC(=O)CC
test148,105-53-3,Inactive,*,CCOC(=O)CC(=O)OCC
test149,105-55-5,Inactive,*,CCNC(=S)NCC
test150,106-23-0,Inactive,*,CC(C)=CCCC(C)CC=O
test151,106-45-6,Inactive,*,Cc1ccc(S)cc1
test152,106-48-9,Inactive,*,Oc1ccc(Cl)cc1
test153,106-68-3,Inactive,*,CCCCCC(=O)CC
test154,106-93-4,Inactive,*,BrCCBr
test155,107-13-1,Inactive,*,C=CC#N
test156,107-20-0,Inactive,*,O=CCCl
test157,107-30-2,Inactive,*,COCCl
test158,107-46-0,Inactive,*,C[Si](C)(C)O[Si](C)(C)C
test159,107-51-7,Inactive,*,C[Si](C)(C)O[Si](C)(C)O[Si](C)(C)C
test160,107-54-0,Inactive,*,C#CC(C)(O)CC(C)C
test161,107-75-5,Inactive,*,CC(CC=O)CCCC(C)(C)O
test162,107-87-9,Inactive,*,CCCC(C)=O
test163,108-21-4,Inactive,*,CC(=O)OC(C)C
test164,108-32-7,Inactive,*,CC1COC(=O)O1
test165,108-38-3,Inactive,*,Cc1cccc(C)c1
test166,108-39-4,Active,*,Cc1cccc(O)c1
test167,108-68-9,Inactive,*,Cc1cc(C)cc(O)c1
test168,108-77-0,Inactive,*,Clc1nc(Cl)nc(Cl)n1
test169,108-83-8,Inactive,*,CC(C)CC(=O)CC(C)C
test170,108-99-6,Inactive,*,Cc1cccnc1
test171,109-00-2,Inactive,*,Oc1cccnc1
test172,109-02-4,Inactive,*,CN1CCOCC1
test173,109-46-6,Inactive,*,CCCCNC(=S)NCCCC
test174,109-52-4,Inactive,*,CCCCC(=O)O
test175,109-55-7,Inactive,*,CN(C)CCCN
test176,109-77-3,Active,*,N#CCC#N
test177,110-12-3,Inactive,*,CC(=O)CCC(C)C
test178,110-15-6,Inactive,*,O=C(O)CCC(=O)O
test179,110-17-8,Inactive,*,O=C(O)C=CC(=O)O
test180,110-27-0,Inactive,*,CCCCCCCCCCCCCC(=O)OC(C)C
test181,110-33-8,Inactive,*,CCCCCCOC(=O)CCCCC(=O)OCCCCCC
test182,110-42-9,Inactive,*,CCCCCCCCCC(=O)OC
test183,110-43-0,Inactive,*,CCCCCC(C)=O
test184,110-63-4,Inactive,*,OCCCCO
test185,110-65-6,Inactive,*,OCC#CCO
test186,110-69-0,Inactive,*,CCCC=NO
test187,110-73-6,Inactive,*,CCNCCO
test188,110-87-2,Inactive,*,C1=COCCC1
test189,110-91-8,Inactive,*,C1COCCN1
test190,110-97-4,Inactive,*,CC(O)CNCC(C)O
test191,111-20-6,Inactive,*,O=C(O)CCCCCCCCC(=O)O
test192,111-27-3,Inactive,*,CCCCCCO
test193,111-40-0,Inactive,*,NCCNCCN
test194,111-49-9,Inactive,*,C1CCCNCC1
test195,111-55-7,Inactive,*,CC(=O)OCCOC(C)=O
test196,111-62-6,Inactive,*,CCCCCCCCC=CCCCCCCCC(=O)OCC
test197,111-70-6,Inactive,*,CCCCCCCO
test198,111-71-7,Inactive,*,CCCCCCC=O
test199,111-84-2,Inactive,*,CCCCCCCCC
test200,112-07-2,Inactive,*,CCCCOCCOC(C)=O
test201,112-12-9,Inactive,*,CCCCCCCCCC(C)=O
test202,112-14-1,Inactive,*,CCCCCCCCOC(C)=O
test203,112-18-5,Inactive,*,CCCCCCCCCCCCN(C)C
test204,112-31-2,Inactive,*,CCCCCCCCCC=O
test205,112-35-6,Inactive,*,COCCOCCOCCO
test206,112-55-0,Active,*,CCCCCCCCCCCCS
test207,112-60-7,Inactive,*,OCCOCCOCCOCCO
test208,112-80-1,Inactive,*,CCCCCCCCC=CCCCCCCCC(=O)O
test209,115-95-7,Inactive,*,C=CC(C)(CCC=C(C)C)OC(C)=O
test210,116-02-9,Inactive,*,CC1CC(O)CC(C)(C)C1
test211,117-08-8,Inactive,*,O=C1OC(=O)c2c(Cl)c(Cl)c(Cl)c(Cl)c21
test212,117-80-6,Inactive,*,O=C1C(Cl)=C(Cl)C(=O)c2ccccc21
test213,117-99-7,Inactive,*,O=C(c1ccccc1)c1ccccc1O
test214,118-47-8,Active,*,O=C(O)C1=NN(c2ccc(S(=O)(=O)O)cc2)C(=O)C1
test215,118-55-8,Inactive,*,O=C(Oc1ccccc1)c1ccccc1O
test216,118-56-9,Inactive,*,CC1CC(OC(=O)c2ccccc2O)CC(C)(C)C1
test217,118-58-1,Inactive,*,O=C(OCc1ccccc1)c1ccccc1O
test218,118-79-6,Inactive,*,Oc1c(Br)cc(Br)cc1Br
test219,118-82-1,Active,*,CC(C)(C)c1cc(Cc2cc(C(C)(C)C)c(O)c(C(C)(C)C)c2)cc(C(C)(C)C)c1O
test220,118-93-4,Inactive,*,CC(=O)c1ccccc1O
test221,119-07-3,Inactive,*,CCCCCCCCCCOC(=O)c1ccccc1C(=O)OCCCCCCCC
test222,119-47-1,Active,*,Cc1cc(Cc2cc(C)cc(C(C)(C)C)c2O)c(O)c(C(C)(C)C)c1
test223,119-53-9,Inactive,*,O=C(c1ccccc1)C(O)c1ccccc1
test224,119-64-2,Inactive,*,c1ccc2c(c1)CCCC2
test225,120-14-9,Inactive,*,COc1ccc(C=O)cc1OC
test226,120-18-3,Inactive,*,O=S(=O)(O)c1ccc2ccccc2c1
test227,120-46-7,Inactive,*,O=C(CC(=O)c1ccccc1)c1ccccc1
test228,120-51-4,Inactive,*,O=C(OCc1ccccc1)c1ccccc1
test229,120-56-9,Inactive,*,O=C(OCCOCCOCCOC(=O)c1ccccc1)c1ccccc1
test230,120-65-0,Inactive,*,CN(C)Cc1ccccc1O
test231,120-72-9,Active,*,c1ccc2[nH]ccc2c1
test232,120-92-3,Inactive,*,O=C1CCCC1
test233,121-32-4,Inactive,*,CCOc1cc(C=O)ccc1O
test234,121-39-1,Inactive,*,CCOC(=O)C1OC1c1ccccc1
test235,122-20-3,Inactive,*,CC(O)CN(CC(C)O)CC(C)O
test236,122-42-9,Inactive,*,CC(C)OC(=O)Nc1ccccc1
test237,122-51-0,Inactive,*,CCOC(OCC)OCC
test238,122-57-6,Inactive,*,CC(=O)C=Cc1ccccc1
test239,122-78-1,Inactive,*,O=CCc1ccccc1
test240,122-88-3,Inactive,*,O=C(O)COc1ccc(Cl)cc1
test241,123-00-2,Inactive,*,NCCCN1CCOCC1
test242,123-05-7,Inactive,*,CCCCC(C=O)CC
test243,123-07-9,Inactive,*,CCc1ccc(O)cc1
test244,123-11-5,Inactive,*,COc1ccc(C=O)cc1
test245,123-17-1,Inactive,*,CC(C)CC(C)CC(O)CC(C)C
test246,123-66-0,Inactive,*,CCCCCC(=O)OCC
test247,123-77-3,Inactive,*,NC(=O)N=NC(N)=O
test248,123-96-6,Inactive,*,CCCCCCC(C)O
test249,123-99-9,Inactive,*,O=C(O)CCCCCCCC(=O)O
test250,124-09-4,Inactive,*,NCCCCCCN
test251,124-19-6,Inactive,*,CCCCCCCCC=O
test252,124-22-1,Inactive,*,CCCCCCCCCCCCN
test253,124-40-3,Inactive,*,CNC
test254,124-68-5,Inactive,*,CC(C)(N)CO
test255,124-76-5,Inactive,*,CC1(C)C2CCC1(C)C(O)C2
test256,125-84-8,Active,*,CCC1(c2ccc(N)cc2)CCC(=O)NC1=O
test257,126-00-1,Active,*,CC(CCC(=O)O)(c1ccc(O)cc1)c1ccc(O)cc1
test258,126-06-7,Inactive,*,CC1(C)C(=O)N(Br)C(=O)N1Cl
test259,126-30-7,Inactive,*,CC(C)(CO)CO
test260,126-72-7,Inactive,*,O=P(OCC(Br)CBr)(OCC(Br)CBr)OCC(Br)CBr
test261,126-92-1,Inactive,*,CCCCC(CC)COS(=O)(=O)O
test262,126-98-7,Inactive,*,C=C(C)C#N
test263,127-19-5,Inactive,*,CC(=O)N(C)C
test264,127-25-3,Inactive,*,COC(=O)C1(C)CCCC2(C)C3CCC(C(C)C)=CC3=CCC12
test265,127-39-9,Inactive,*,CC(C)COC(=O)CC(C(=O)OCC(C)C)S(=O)(=O)O
test266,127-41-3,Inactive,*,CC(=O)C=CC1C(C)=CCCC1(C)C
test267,128-37-0,Active,*,Cc1cc(C(C)(C)C)c(O)c(C(C)(C)C)c1
test268,128-95-0,Inactive,*,Nc1ccc(N)c2c1C(=O)c1ccccc1C2=O
test269,130-14-3,Inactive,*,O=S(=O)(O)c1cccc2ccccc12
test270,131-53-3,Inactive,*,COc1ccc(C(=O)c2ccccc2O)c(O)c1
test271,131-56-6,Active,*,O=C(c1ccccc1)c1ccc(O)cc1O
test272,131-57-7,Inactive,*,COc1ccc(C(=O)c2ccccc2)c(O)c1
test273,132-65-0,Inactive,*,c1ccc2c(c1)sc1ccccc12
test274,134-31-6,Active,*,Oc1cccc2cccnc12
test275,137-66-6,Active,*,CCCCCCCCCCCCCCCC(=O)OCC(O)C1OC(=O)C(O)=C1O
test276,138-86-3,Inactive,*,C=C(C)C1CC=C(C)CC1
test277,139-87-7,Inactive,*,CCN(CCO)CCO
test278,139-88-8,Inactive,*,CCCCC(CC)CCC(CC(C)C)OS(=O)(=O)O
test279,140-08-9,Inactive,*,ClCCOP(OCCCl)OCCCl
test280,140-10-3,Inactive,*,O=C(O)C=Cc1ccccc1
test281,140-11-4,Inactive,*,CC(=O)OCc1ccccc1
test282,140-31-8,Inactive,*,NCCN1CCNCC1
test283,140-38-5,Inactive,*,NC(=O)Nc1ccc(Cl)cc1
test284,140-67-0,Inactive,*,C=CCc1ccc(OC)cc1
test285,140-95-4,Inactive,*,O=C(NCO)NCO
test286,141-22-0,Inactive,*,CCCCCCC(O)CC=CCCCCCCCC(=O)O
test287,141-32-2,Inactive,*,C=CC(=O)OCCCC
test288,141-79-7,Inactive,*,CC(=O)C=C(C)C
test289,142-08-5,Inactive,*,O=c1cccc[nH]1
test290,142-16-5,Inactive,*,CCCCC(CC)COC(=O)C=CC(=O)OCC(CC)CCCC
test291,142-18-7,Inactive,*,CCCCCCCCCCCC(=O)OCC(O)CO
test292,142-31-4,Inactive,*,CCCCCCCCOS(=O)(=O)O
test293,142-87-0,Inactive,*,CCCCCCCCCCOS(=O)(=O)O
test294,143-07-7,Inactive,*,CCCCCCCCCCCC(=O)O
test295,143-08-8,Inactive,*,CCCCCCCCCO
test296,143-22-6,Inactive,*,CCCCOCCOCCOCCO
test297,144-49-0,Inactive,*,O=C(O)CF
test298,144-62-7,Inactive,*,O=C(O)C(=O)O
test299,147-81-9,Inactive,*,O=CC(O)C(O)C(O)CO
test300,150-76-5,Active,*,COc1ccc(O)cc1
test301,150-78-7,Inactive,*,COc1ccc(OC)cc1
test302,151-05-3,Inactive,*,CC(=O)OC(C)(C)Cc1ccccc1
test303,156-43-4,Active,*,CCOc1ccc(N)cc1
test304,192-97-2,Inactive,*,c1ccc2c(c1)c1cccc3ccc4cccc2c4c31
test305,207-08-9,Inactive,*,c1ccc2cc3c(cc2c1)-c1cccc2cccc-3c12
test306,288-32-4,Inactive,*,c1c[nH]cn1
test307,298-07-7,Inactive,*,CCCCC(CC)COP(=O)(O)OCC(CC)CCCC
test308,311-45-5,Inactive,*,CCOP(=O)(OCC)Oc1ccc([N+](=O)[O-])cc1
test309,328-84-7,Inactive,*,FC(F)(F)c1ccc(Cl)c(Cl)c1
test310,451-40-1,Inactive,*,O=C(Cc1ccccc1)c1ccccc1
test311,460-00-4,Inactive,*,Fc1ccc(Br)cc1
test312,461-58-5,Inactive,*,N#CNC(=N)N
test313,463-40-1,Active,*,CCC=CCC=CCC=CCCCCCCCC(=O)O
test314,464-49-3,Inactive,*,CC12CCC(CC1=O)C2(C)C
test315,470-82-6,Inactive,*,CC12CCC(CC1)C(C)(C)O2
test316,474-86-2,Active,*,CC12CCC3C(=CCc4cc(O)ccc43)C1CCC2=O
test317,480-63-7,Inactive,*,Cc1cc(C)c(C(=O)O)c(C)c1
test318,487-06-9,Inactive,*,COc1cc(OC)c2ccc(=O)oc2c1
test319,489-01-0,Active,*,COc1cc(C(C)(C)C)c(O)c(C(C)(C)C)c1
test320,493-52-7,Inactive,*,CN(C)c1ccc(N=Nc2ccccc2C(=O)O)cc1
test321,496-46-8,Inactive,*,O=C1NC2NC(=O)NC2N1
test322,499-75-2,Inactive,*,Cc1ccc(C(C)C)cc1O
test323,499-83-2,Inactive,*,O=C(O)c1cccc(C(=O)O)n1
test324,500-38-9,Active,*,CC(Cc1ccc(O)c(O)c1)C(C)Cc1ccc(O)c(O)c1
test325,512-56-1,Inactive,*,COP(=O)(OC)OC
test326,520-18-3,Active,*,O=c1c(O)c(-c2ccc(O)cc2)oc2cc(O)cc(O)c12
test327,524-40-3,Inactive,*,COc1ccn(C)c(=O)c1C#N
test328,525-79-1,Inactive,*,c1coc(CNc2[nH]cnc3ncnc2-3)c1
test329,525-82-6,Inactive,*,O=c1cc(-c2ccccc2)oc2ccccc12
test330,526-75-0,Active,*,Cc1cccc(O)c1C
test331,533-23-3,Inactive,*,CCOC(=O)COc1ccc(Cl)cc1Cl
test332,534-13-4,Inactive,*,CNC(=S)NC
test333,540-18-1,Inactive,*,CCCCCOC(=O)CCC
test334,540-88-5,Inactive,*,CC(=O)OC(C)(C)C
test335,541-02-6,Inactive,*,C[Si]1(C)O[Si](C)(C)O[Si](C)(C)O[Si](C)(C)O[Si](C)(C)O1
test336,542-92-7,Inactive,*,C1=CCC=C1
test337,544-63-8,Inactive,*,CCCCCCCCCCCCCC(=O)O
test338,550-44-7,Inactive,*,CN1C(=O)c2ccccc2C1=O
test339,552-30-7,Inactive,*,O=C(O)c1ccc2c(c1)C(=O)OC2=O
test340,571-58-4,Inactive,*,Cc1ccc(C)c2ccccc12
test341,583-39-1,Active,*,S=c1[nH]c2ccccc2[nH]1
test342,583-78-8,Inactive,*,Oc1cc(Cl)ccc1Cl
test343,586-62-9,Inactive,*,CC1=CCC(=C(C)C)CC1
test344,587-65-5,Active,*,O=C(CCl)Nc1ccccc1
test345,587-85-9,Inactive,*,c1ccc([Hg]c2ccccc2)cc1
test346,589-68-4,Inactive,*,CCCCCCCCCCCCCC(=O)OCC(O)CO
test347,594-20-7,Inactive,*,CC(C)(Cl)Cl
test348,598-55-0,Inactive,*,COC(N)=O
test349,603-35-0,Active,*,c1ccc(P(c2ccccc2)c2ccccc2)cc1
test350,604-75-1,Inactive,*,O=C1Nc2ccc(Cl)cc2C(c2ccccc2)=NC1O
test351,605-45-8,Inactive,*,CC(C)OC(=O)c1ccccc1C(=O)OC(C)C
test352,611-20-1,Inactive,*,N#Cc1ccccc1O
test353,611-70-1,Inactive,*,CC(C)C(=O)c1ccccc1
test354,615-22-5,Inactive,*,CSc1nc2ccccc2s1
test355,616-45-5,Inactive,*,O=C1CCCN1
test356,618-45-1,Active,*,CC(C)c1cccc(O)c1
test357,622-97-9,Inactive,*,C=Cc1ccc(C)cc1
test358,625-55-8,Inactive,*,CC(C)OC=O
test359,626-03-9,Inactive,*,O=c1cc(O)cc[nH]1
test360,626-43-7,Active,*,Nc1cc(Cl)cc(Cl)c1
test361,626-64-2,Inactive,*,Oc1ccncc1
test362,630-56-8,Inactive,*,CCCCCC(=O)OC1(C(C)=O)CCC2C3CCC4=CC(=O)CCC4(C)C3CCC21C
test363,633-96-5,Inactive,*,O=S(=O)(O)c1ccc(N=Nc2c(O)ccc3ccccc23)cc1
test364,644-97-3,Active,*,ClP(Cl)c1ccccc1
test365,645-62-5,Inactive,*,CCCC=C(C=O)CC
test366,657-84-1,Inactive,*,Cc1ccc(S(=O)(=O)O)cc1
test367,682-01-9,Inactive,*,CCCO[Si](OCCC)(OCCC)OCCC
test368,683-18-1,Inactive,*,CCCC[Sn](Cl)(Cl)CCCC
test369,684-93-5,Active,*,CN(N=O)C(N)=O
test370,692-86-4,Inactive,*,C=CCCCCCCCCC(=O)OCC
test371,695-06-7,Inactive,*,CCC1CCC(=O)O1
test372,705-60-2,Inactive,*,CC(=Cc1ccccc1)[N+](=O)[O-]
test373,706-14-9,Inactive,*,CCCCCCC1CCC(=O)O1
test374,717-74-8,Inactive,*,CC(C)c1cc(C(C)C)cc(C(C)C)c1
test375,753-73-1,Inactive,*,C[Sn](C)(Cl)Cl
test376,756-79-6,Inactive,*,COP(C)(=O)OC
test377,760-23-6,Inactive,*,C=CC(Cl)CCl
test378,762-04-9,Inactive,*,CCOP(O)OCC
test379,769-92-6,Active,*,CC(C)(C)c1ccc(N)cc1
test380,770-35-4,Inactive,*,CC(O)COc1ccccc1
test381,818-61-1,Inactive,*,C=CC(=O)OCCO
test382,827-19-0,Inactive,*,Cc1ccc(C)c(S(=O)(=O)O)c1
test383,827-21-4,Inactive,*,Cc1ccc(S(=O)(=O)O)c(C)c1
test384,838-85-7,Inactive,*,O=P(O)(Oc1ccccc1)Oc1ccccc1
test385,860-22-0,Inactive,*,O=C1C(=C2Nc3ccc(S(=O)(=O)O)cc3C2=O)Nc2ccc(S(=O)(=O)O)cc21
test386,868-85-9,Inactive,*,CO[PH](=O)OC
test387,877-24-7,Inactive,*,O=C(O)c1ccccc1C(=O)O
test388,919-30-2,Inactive,*,CCO[Si](CCCN)(OCC)OCC
test389,928-96-1,Inactive,*,CCC=CCCO
test390,930-55-2,Inactive,*,O=NN1CCCC1
test391,938-16-9,Inactive,*,CC(C)(C)C(=O)c1ccccc1
test392,941-69-5,Inactive,*,O=C1C=CC(=O)N1c1ccccc1
test393,957-51-7,Inactive,*,CN(C)C(=O)C(c1ccccc1)c1ccccc1
test394,989-38-8,Inactive,*,CCNc1cc2c(cc1C)C(c1ccccc1C(=O)OCC)c1cc(C)c(NCC)cc1O2
test395,999-97-3,Inactive,*,C[Si](C)(C)N[Si](C)(C)C
test396,1008-72-6,Inactive,*,O=Cc1ccccc1S(=O)(=O)O
test397,1031-07-8,Active,*,O=S1(=O)OCC2C(CO1)C1(Cl)C(Cl)=C(Cl)C2(Cl)C1(Cl)Cl
test398,1067-25-0,Inactive,*,CCC[Si](OC)(OC)OC
test399,1067-53-4,Inactive,*,C=C[Si](OCCOC)(OCCOC)OCCOC
test400,1072-15-7,Inactive,*,CCCCCCCCCOS(=O)(=O)O
test401,1076-97-7,Inactive,*,O=C(O)C1CCC(C(=O)O)CC1
test402,1112-39-6,Inactive,*,CO[Si](C)(C)OC
test403,1118-46-3,Inactive,*,CCCC[Sn](Cl)(Cl)Cl
test404,1118-92-9,Inactive,*,CCCCCCCC(=O)N(C)C
test405,1120-04-3,Inactive,*,CCCCCCCCCCCCCCCCCCOS(=O)(=O)O
test406,1121-78-4,Inactive,*,Cc1ccc(O)cn1
test407,1137-42-4,Inactive,*,O=C(c1ccccc1)c1ccc(O)cc1
test408,1143-72-2,Active,*,O=C(c1ccccc1)c1ccc(O)c(O)c1O
test409,1189-08-8,Inactive,*,C=C(C)C(=O)OCCC(C)OC(=O)C(=C)C
test410,1214-39-7,Inactive,*,c1ccc(CNc2[nH]cnc3ncnc2-3)cc1
test411,1241-94-7,Inactive,*,CCCCC(CC)COP(=O)(Oc1ccccc1)Oc1ccccc1
test412,1434-54-4,Inactive,*,CC(=O)C1C(C#N)CC2C3CC=C4CC(O)CCC4(C)C3CCC21C
test413,1459-93-4,Inactive,*,COC(=O)c1cccc(C(=O)OC)c1
test414,1477-55-0,Inactive,*,NCc1cccc(CN)c1
test415,1490-04-6,Inactive,*,CC1CCC(C(C)C)C(O)C1
test416,1541-81-7,Inactive,*,CCCCCCCCCCCCN1CCOCC1
test417,1559-34-8,Inactive,*,CCCCOCCOCCOCCOCCO
test418,1559-35-9,Inactive,*,CCCCC(CC)COCCO
test419,1563-38-8,Active,*,CC1(C)Cc2cccc(O)c2O1
test420,1569-01-3,Inactive,*,CCCOCC(C)O
test421,1569-02-4,Inactive,*,CCOCC(C)O
test422,1570-64-5,Inactive,*,Cc1cc(Cl)ccc1O
test423,1625-91-8,Inactive,*,CC(C)(C)c1ccc(-c2ccc(C(C)(C)C)cc2)cc1
test424,1632-73-1,Inactive,*,CC12CCC(C1)C(C)(C)C2O
test425,1646-87-3,Inactive,*,CNC(=O)ON=CC(C)(C)S(C)=O
test426,1646-88-4,Inactive,*,CNC(=O)ON=CC(C)(C)S(C)(=O)=O
test427,1671-75-6,Inactive,*,CCCCCCC(=O)c1ccccc1
test428,1724-39-6,Inactive,*,OC1CCCCCCCCCCC1
test429,1742-14-9,Inactive,*,Cc1ccc(C(C)c2ccc(C)c(C)c2)cc1C
test430,1760-24-3,Inactive,*,CO[Si](CCCNCCN)(OC)OC
test431,1825-21-4,Inactive,*,COc1c(Cl)c(Cl)c(Cl)c(Cl)c1Cl
test432,1873-88-7,Inactive,*,C[Si](O[Si](C)(C)C)O[Si](C)(C)C
test433,1907-65-9,Inactive,*,CCCCNS(=O)(=O)c1ccc(C)cc1
test434,1929-73-3,Inactive,*,CCCCOCCOC(=O)COc1ccc(Cl)cc1Cl
test435,1936-15-8,Inactive,*,O=S(=O)(O)c1cc(S(=O)(=O)O)c2c(N=Nc3ccccc3)c(O)ccc2c1
test436,2016-57-1,Inactive,*,CCCCCCCCCCN
test437,2031-67-6,Inactive,*,CCO[Si](C)(OCC)OCC
test438,2044-64-6,Inactive,*,CC(=O)CC(=O)N(C)C
test439,2052-14-4,Inactive,*,CCCCOC(=O)c1ccccc1O
test440,2078-54-8,Active,*,CC(C)c1cccc(C(C)C)c1O
test441,2110-18-1,Inactive,*,c1ccc(CCCc2ccccn2)cc1
test442,2122-70-5,Inactive,*,CCOC(=O)Cc1cccc2ccccc12
test443,5/7/2321,Active,*,O=C1OC2(c3ccc(O)cc3Oc3cc(O)ccc32)c2ccccc21
test444,2360-22-7,Active,*,Cn1c(=S)[nH]c2ccccc21
test445,2386-87-0,Inactive,*,O=C(OCC1CCC2OC2C1)C1CCC2OC2C1
test446,2396-68-1,Inactive,*,CC(C)(C)c1ccc(S)cc1
test447,2425-77-6,Inactive,*,CCCCCCCCC(CO)CCCCCC
test448,6/8/2426,Inactive,*,CCCCOCC1CO1
test449,2440-22-4,Inactive,*,Cc1ccc(O)c(-n2nc3ccccc3n2)c1
test450,2445-77-4,Inactive,*,CCC(C)COC(=O)CC(C)C
test451,9/2/2467,Inactive,*,Oc1ccccc1Cc1ccccc1O
test452,2491-38-5,Active,*,O=C(CBr)c1ccc(O)cc1
test453,5/6/2554,Inactive,*,C=C[Si]1(C)O[Si](C)(C=C)O[Si](C)(C=C)O[Si](C)(C=C)O1
test454,2627-95-4,Inactive,*,C=C[Si](C)(C)O[Si](C)(C)C=C
test455,2687-94-7,Inactive,*,CCCCCCCCN1CCCC1=O
test456,2694-54-4,Inactive,*,C=CCOC(=O)c1ccc(C(=O)OCC=C)c(C(=O)OCC=C)c1
test457,2696-84-6,Active,*,CCCc1ccc(N)cc1
test458,2756-56-1,Inactive,*,CCC(=O)OC1CC2CCC1(C)C2(C)C
test459,2761-24-2,Inactive,*,CCCCC[Si](OCC)(OCC)OCC
test460,2782-91-4,Inactive,*,CN(C)C(=S)N(C)C
test461,2807-30-9,Inactive,*,CCCOCCO
test462,2917-73-9,Inactive,*,CCCCOC(=O)CCCCCCCC(=O)OCCCC
test463,2919-66-6,Inactive,*,C=C1CC2C3C=C(C)C4=CC(=O)CCC4(C)C3CCC2(C)C1(OC(C)=O)C(C)=O
test464,2996-92-1,Inactive,*,CO[Si](OC)(OC)c1ccccc1
test465,3164-85-0,Inactive,*,CCCCC(CC)C(=O)O
test466,3194-55-6,Inactive,*,BrC1CCC(Br)C(Br)CCC(Br)C(Br)CCC1Br
test467,3268-49-3,Active,*,CSCCC=O
test468,3383-96-8,Active,*,COP(=S)(OC)Oc1ccc(Sc2ccc(OP(=S)(OC)OC)cc2)cc1
test469,3391-86-4,Inactive,*,C=CC(O)CCCCC
test470,3452-97-9,Inactive,*,CC(CCO)CC(C)(C)C
test471,3547-33-9,Inactive,*,CCCCCCCCSCCO
test472,3622-84-2,Inactive,*,CCCCNS(=O)(=O)c1ccccc1
test473,3681-71-8,Inactive,*,CCC=CCCOC(C)=O
test474,8/2/3913,Inactive,*,CCCCCCC(CO)CCCC
test475,3926-62-3,Active,*,O=C(O)CCl
test476,4065-45-6,Inactive,*,COc1cc(O)c(C(=O)c2ccccc2)cc1S(=O)(=O)O
test477,4107-98-6,Inactive,*,CC(C)N(c1ccccc1)C(C)C
test478,4130-42-1,Active,*,CCc1cc(C(C)(C)C)c(O)c(C(C)(C)C)c1
test479,4342-36-3,Inactive,*,CCCC[Sn](CCCC)(CCCC)OC(=O)c1ccccc1
test480,4344-55-2,Active,*,CCCCOc1ccc(N)cc1
test481,4437-85-8,Inactive,*,CCC1COC(=O)O1
test482,4468-42-2,Inactive,*,CCCC(CC)c1ccccc1
test483,4553-62-2,Inactive,*,CC(C#N)CCC#N
test484,4638-48-6,Inactive,*,O=C(Nc1ccccc1)c1cc(Cl)ccc1O
test485,4707-47-5,Active,*,COC(=O)c1c(C)cc(O)c(C)c1O
test486,4712-55-4,Active,*,O=[PH](Oc1ccccc1)Oc1ccccc1
test487,8/11/4940,Active,*,CCc1occc(=O)c1O
test488,5138-18-1,Inactive,*,O=C(O)CC(C(=O)O)S(=O)(=O)O
test489,5146-66-7,Inactive,*,CC(C)=CCCC(C)=CC#N
test490,5331-91-9,Active,*,Sc1nc2cc(Cl)ccc2s1
test491,5333-42-6,Inactive,*,CCCCCCCCCCC(CO)CCCCCCCC
test492,5394-36-5,Inactive,*,CCC1(C)NC(=O)NC1=O
test493,5407-98-7,Inactive,*,O=C(c1ccccc1)C1CCC1
test494,5437-45-6,Inactive,*,O=C(CBr)OCc1ccccc1
test495,5536-61-8,Inactive,*,C=C(C)C(=O)O
test496,5700-49-2,Inactive,*,NCCN
test497,5870-93-9,Inactive,*,CCCCCCCOC(=O)CCC
test498,5907-38-0,Active,*,Cc1c(N(C)CS(=O)(=O)O)c(=O)n(-c2ccccc2)n1C
test499,6088-51-3,Active,*,Oc1ccc2cc(SSc3ccc4cc(O)ccc4c3)ccc2c1
test500,6190-65-4,Inactive,*,CC(C)Nc1nc(N)nc(Cl)n1
test501,6259-76-3,Inactive,*,CCCCCCOc1ccccc1C(=O)O
test502,8/5/6285,Inactive,*,CCC(=O)c1ccc(Cl)cc1
test503,6325-91-3,Active,*,O=[N+]([O-])c1ccc2[nH]c(S)nc2c1
test504,6359-82-6,Inactive,*,CC1=NN(c2ccc(S(=O)(=O)O)cc2)C(=O)C1N=Nc1ccccc1
test505,6359-90-6,Inactive,*,CC1=NN(c2cc(S(=O)(=O)O)ccc2Cl)C(=O)C1N=Nc1ccccc1
test506,6359-98-4,Inactive,*,CC1=NN(c2cc(Cl)c(S(=O)(=O)O)cc2Cl)C(=O)C1N=Nc1ccc(S(=O)(=O)O)cc1
test507,6485-40-1,Inactive,*,C=C(C)C1CC=C(C)C(=O)C1
test508,6610-29-3,Active,*,CNC(=S)NN
test509,6683-19-8,Inactive,*,CC(C)(C)c1cc(CCC(=O)OCC(COC(=O)CCc2cc(C(C)(C)C)c(O)c(C(C)(C)C)c2)(COC(=O)CCc2cc(C(C)(C)C)c(O)c(C(C)(C)C)c2)COC(=O)CCc2cc(C(C)(C)C)c(O)c(C(C)(C)C)c2)cc(C(C)(C)C)c1O
test510,6728-26-3,Inactive,*,CCCC=CC=O
test511,6789-88-4,Inactive,*,CCCCCCOC(=O)c1ccccc1
test512,7011-83-8,Inactive,*,CCCCCCC1(C)CCC(=O)O1
test513,7080-50-4,Inactive,*,Cc1ccc(S(=O)(=O)NCl)cc1
test514,7212-44-4,Inactive,*,C=CC(C)(O)CCC=C(C)CCC=C(C)C
test516,7659-86-1,Active,*,CCCCC(CC)COC(=O)CS
test517,7681-76-7,Inactive,*,Cn1c([N+](=O)[O-])cnc1COC(N)=O
test518,7779-27-3,Inactive,*,CCN1CN(CC)CN(CC)C1
test519,7781-98-8,Inactive,*,CCOC(=O)c1cccc(O)c1
test520,10042-59-8,Inactive,*,CCCCCC(CO)CCC
test521,10094-34-5,Inactive,*,CCCC(=O)OC(C)(C)Cc1ccccc1
test522,10357-84-3,Active,*,Oc1cccc(O)n1
test523,12108-13-3,Active,*,CC1C=CC=C1
test524,13171-00-1,Inactive,*,CC(=O)c1cc(C(C)(C)C)cc2c1CCC2(C)C
test525,13190-34-6,Active,*,C=CC1CNC(=S)O1
test526,13254-34-7,Inactive,*,CC(C)CCCC(C)(C)O
test527,13614-98-7,Active,*,CN(C)c1ccc(O)c2c1CC1CC3C(N(C)C)C(O)=C(C(N)=O)C(=O)C3(O)C(O)=C1C2=O
test528,13674-84-5,Inactive,*,CC(CCl)OP(=O)(OC(C)CCl)OC(C)CCl
test529,13680-35-8,Inactive,*,CCc1cc(Cc2cc(CC)c(N)c(CC)c2)cc(CC)c1N
test530,13684-56-5,Active,*,CCOC(=O)Nc1cccc(OC(=O)Nc2ccccc2)c1
test531,13684-63-4,Active,*,COC(=O)Nc1cccc(OC(=O)Nc2cccc(C)c2)c1
test532,13826-35-2,Inactive,*,OCc1cccc(Oc2ccccc2)c1
test533,14173-30-9,Inactive,*,OCc1ncccc1O
test534,14233-37-5,Inactive,*,CC(C)Nc1ccc(NC(C)C)c2c1C(=O)c1ccccc1C2=O
test535,14351-66-7,Inactive,*,CC(C)C1=CC2=CCC3C(C)(C(=O)O)CCCC3(C)C2CC1
test536,14371-10-9,Inactive,*,O=CC=Cc1ccccc1
test537,14765-30-1,Inactive,*,CCC(C)C1CCCCC1=O
test538,14901-07-6,Inactive,*,CC(=O)C=CC1=C(C)CCCC1(C)C
test539,15046-75-0,Inactive,*,Cc1ccccc1S(=O)(=O)O
test540,15214-89-8,Inactive,*,C=CC(=O)NC(C)(C)CS(=O)(=O)O
test541,15499-27-1,Inactive,*,CCCCc1ccc(Cl)cc1
test542,15708-41-5,Inactive,*,O=C(O)CN(CCN(CC(=O)O)CC(=O)O)CC(=O)O
test543,16079-88-2,Inactive,*,CC1(C)C(=O)N(Cl)C(=O)N1Br
test544,16219-75-3,Inactive,*,CC=C1CC2C=CC1C2
test545,16587-71-6,Active,*,CCC(C)(C)C1CCC(=O)CC1
test546,16867-04-2,Active,*,O=c1[nH]cccc1O
test547,17372-87-1,Inactive,*,O=C(O)c1ccccc1-c1c2cc(Br)c(=O)c(Br)c-2oc2c(Br)c(O)c(Br)cc12
test548,17465-86-0,Inactive,*,OCC1OC2OC3C(CO)OC(OC4C(CO)OC(OC5C(CO)OC(OC6C(CO)OC(OC7C(CO)OC(OC8C(CO)OC(OC9C(CO)OC(OC1C(O)C2O)C(O)C9O)C(O)C8O)C(O)C7O)C(O)C6O)C(O)C5O)C(O)C4O)C(O)C3O
test549,17696-62-7,Inactive,*,O=C(Oc1ccccc1)c1ccc(O)cc1
test550,17796-82-6,Inactive,*,O=C1c2ccccc2C(=O)N1SC1CCCCC1
test551,17924-92-4,Active,*,CC1CCCC(=O)CCCC=Cc2cc(O)cc(O)c2C(=O)O1
test552,18172-67-3,Inactive,*,C=C1CCC2CC1C2(C)C
test553,18979-55-0,Active,*,CCCCCCOc1ccc(O)cc1
test554,19780-11-1,Inactive,*,CCCCCCCCCC=CCC1CC(=O)OC1=O
test555,20265-97-8,Active,*,COc1ccc(N)cc1
test556,20780-48-7,Inactive,*,CCC(C)(CCCC(C)C)OC(C)=O
test557,20830-75-5,Inactive,*,CC1OC(OC2C(O)CC(OC3C(O)CC(OC4CCC5(C)C(CCC6C5CC(O)C5(C)C(C7=CC(=O)OC7)CCC65O)C4)OC3C)OC2C)CC(O)C1O
test558,21145-77-7,Inactive,*,CC(=O)c1cc2c(cc1C)C(C)(C)C(C)CC2(C)C
test559,21245-02-3,Inactive,*,CCCCC(CC)COC(=O)c1ccc(N(C)C)cc1
test560,21662-09-9,Inactive,*,CCCCCC=CCCC=O
test561,22047-49-0,Inactive,*,CCCCCCCCCCCCCCCCCC(=O)OCC(CC)CCCC
test562,22260-51-1,Inactive,*,CC(C)CC1C(=O)N2CCCC2C2(O)OC(NC(=O)C3C=C4c5cccc6[nH]c(Br)c(c56)CC4N(C)C3)(C(C)C)C(=O)N12
test563,22839-47-0,Inactive,*,COC(=O)C(Cc1ccccc1)NC(=O)C(N)CC(=O)O
test564,23089-26-1,Inactive,*,CC(C)=CCCC(C)(O)C1CC=C(C)CC1
test565,23386-52-9,Inactive,*,O=C(CC(C(=O)OC1CCCCC1)S(=O)(=O)O)OC1CCCCC1
test566,23564-06-9,Active,*,CCOC(=O)NC(=S)Nc1ccccc1NC(=S)NC(=O)OCC
test567,24157-81-1,Inactive,*,CC(C)c1ccc2cc(C(C)C)ccc2c1
test568,24549-06-2,Inactive,*,CCc1cccc(C)c1N
test569,24851-98-7,Inactive,*,CCCCCC1C(=O)CCC1CC(=O)OC
test570,25812-30-0,Inactive,*,Cc1ccc(C)c(OCCCC(C)(C)C(=O)O)c1
test571,26002-80-2,Inactive,*,CC(C)=CC1C(C(=O)OCc2cccc(Oc3ccccc3)c2)C1(C)C
test572,26040-51-7,Inactive,*,CCCCC(CC)COC(=O)c1c(Br)c(Br)c(Br)c(Br)c1C(=O)OCC(CC)CCCC
test573,26644-46-2,Inactive,*,O=CNC(N1CCN(C(NC=O)C(Cl)(Cl)Cl)CC1)C(Cl)(Cl)Cl
test574,27090-63-7,Inactive,*,CCCCN(CCCC)CCCCCCN(CCCC)CCCC
test575,27344-41-8,Active,*,O=S(=O)(O)c1ccccc1C=Cc1ccc(-c2ccc(C=Cc3ccccc3S(=O)(=O)O)cc2)cc1
test576,28159-98-0,Inactive,*,CSc1nc(NC2CC2)nc(NC(C)(C)C)n1
test577,29122-68-7,Inactive,*,CC(C)NCC(O)COc1ccc(CC(N)=O)cc1
test578,29387-86-8,Inactive,*,CCCCOC(O)CC
test579,29836-26-8,Inactive,*,CCCCCCCCOC1OC(CO)C(O)C(O)C1O
test580,32388-55-9,Inactive,*,CC(=O)C1=C(C)C2CC3(C1)C(C)CCC3C2(C)C
test581,33228-45-4,Active,*,CCCCCCc1ccc(N)cc1
test582,34451-19-9,Inactive,*,CCCCOC(=O)C(C)O
test583,35367-38-5,Active,*,O=C(NC(=O)c1c(F)cccc1F)Nc1ccc(Cl)cc1
test584,35400-43-2,Inactive,*,CCCSP(=S)(OCC)Oc1ccc(SC)cc1
test585,35691-65-7,Inactive,*,N#CCCC(Br)(C#N)CBr
test586,36861-47-9,Inactive,*,Cc1ccc(C=C2C(=O)C3CCC2C3(C)C)cc1
test587,37764-25-3,Inactive,*,C=CCN(CC=C)C(=O)C(Cl)Cl
test588,39236-46-9,Inactive,*,O=C(NCNC(=O)NC1C(=O)NC(=O)N1CO)NC1C(=O)NC(=O)N1CO
test589,39905-57-2,Active,*,CCCCCCOc1ccc(N)cc1
test590,40649-36-3,Inactive,*,CCCC1CCC(=O)CC1
test591,41372-20-7,Active,*,CN1CCc2cccc3c2C1Cc1ccc(O)c(O)c1-3
test593,51580-86-0,Inactive,*,O=c1nc(O)n(Cl)c(=O)n1Cl
test594,51632-16-7,Inactive,*,BrCc1cccc(Oc2ccccc2)c1
test595,52918-63-5,Inactive,*,CC1(C)C(C=C(Br)Br)C1C(=O)OC(C#N)c1cccc(Oc2ccccc2)c1
test596,53939-28-9,Inactive,*,CCCCC=CCCCCCCCCCC=O
test597,55589-62-3,Inactive,*,CC1=CC(=O)NS(=O)(=O)O1
test598,55814-41-0,Inactive,*,Cc1ccccc1C(=O)Nc1cccc(OC(C)C)c1
test599,55934-93-5,Inactive,*,CCCCOC(CC)OC(C)COC(O)CC
test601,58394-64-2,Inactive,*,CCCCC(CC)COC(=O)CCCCC(=O)OCc1ccccc1
test602,58430-94-7,Inactive,*,CC(=O)OCCC(C)CC(C)(C)C
test603,58846-77-8,Inactive,*,CCCCCCCCCCOC1OC(CO)C(O)C(O)C1O
test604,59227-89-3,Inactive,*,CCCCCCCCCCCCN1CCCCCC1=O
test605,62885-41-0,Inactive,*,COc1cnccc1O
test606,64359-81-5,Inactive,*,CCCCCCCCn1sc(Cl)c(Cl)c1=O
test607,64700-56-7,Inactive,*,CCCCOCCOC(=O)COc1nc(Cl)c(Cl)cc1Cl
test608,66357-35-5,Inactive,*,CNC(=C[N+](=O)[O-])NCCSCc1ccc(CN(C)C)o1
test609,66575-29-9,Inactive,*,C=CC1(C)CC(=O)C2(O)C(C)(O1)C(OC(C)=O)C(O)C1C(C)(C)CCC(O)C12C
test610,67485-29-4,Inactive,*,CC1(C)CNC(=NN=C(C=Cc2ccc(C(F)(F)F)cc2)C=Cc2ccc(C(F)(F)F)cc2)NC1
test611,67604-48-2,Active,*,O=C1CC(c2ccc(O)cc2)Oc2cc(O)cc(O)c21
test612,69806-40-2,Inactive,*,COC(=O)C(C)Oc1ccc(Oc2ncc(C(F)(F)F)cc2Cl)cc1
test613,70568-60-4,Inactive,*,CCCCC1CCC(O)CC1
test614,71526-07-3,Inactive,*,O=C(C(Cl)Cl)N1CCOC12CCCCC2
test615,78473-71-9,Active,*,O=C1OCC(Cc2cccc(O)c2)C1Cc1cccc(O)c1
test616,78491-02-8,Inactive,*,O=C1C(N(CO)C(=O)NCO)N(CO)C(=O)N1CO
test617,79098-20-7,Inactive,*,CCCCCc1ccc(Cl)cc1
test618,79277-27-3,Inactive,*,COC(=O)c1sccc1S(=O)(=O)NC(=O)Nc1nc(C)nc(OC)n1
test619,83834-59-7,Inactive,*,CCCCC(CC)COC(=O)C=Cc1ccc(OC)cc1
test620,85264-33-1,Inactive,*,Cc1cc(C)n(CO)n1
test621,90357-06-5,Inactive,*,CC(O)(CS(=O)(=O)c1ccc(F)cc1)C(=O)Nc1ccc(C#N)c(C(F)(F)F)c1
test622,98319-26-7,Inactive,*,CC(C)(C)NC(=O)C1CCC2C3CCC4NC(=O)C=CC4(C)C3CCC12C
test623,98730-04-2,Inactive,*,CC1COc2ccccc2N1C(=O)C(Cl)Cl
test624,99607-70-2,Inactive,*,CCCCCC(C)OC(=O)COc1ccc(Cl)c2cccnc12
test625,101463-69-8,Inactive,*,O=C(NC(=O)c1c(F)cccc1F)Nc1ccc(Oc2ccc(C(F)(F)F)cc2Cl)cc1F
test626,102676-31-3,Inactive,*,N#Cc1ccc(C2CCCc3cncn32)cc1
test627,103055-07-8,Inactive,*,O=C(NC(=O)c1c(F)cccc1F)Nc1cc(Cl)c(OC(F)(F)C(F)C(F)(F)F)cc1Cl
test628,111991-09-4,Inactive,*,COc1cc(OC)nc(NC(=O)NS(=O)(=O)c2ncccc2C(=O)N(C)C)n1
test629,112226-61-6,Inactive,*,CC(C)(C)N(NC(=O)c1ccc(Cl)cc1)C(=O)c1ccccc1
test630,112809-51-5,Inactive,*,N#Cc1ccc(C(c2ccc(C#N)cc2)n2cncn2)cc1
test631,116255-48-2,Inactive,*,Clc1ccc(C2(Cn3cncn3)CC(Br)CO2)c(Cl)c1
test632,120511-73-1,Inactive,*,CC(C)(C#N)c1cc(Cn2cncn2)cc(C(C)(C)C#N)c1
test633,122453-73-0,Inactive,*,CCOCn1c(-c2ccc(Cl)cc2)c(C#N)c(Br)c1C(F)(F)F
test634,125116-23-6,Inactive,*,CC1(C)CCC(Cc2ccc(Cl)cc2)C1(O)Cn1cncn1
test635,125225-28-7,Inactive,*,CC(C)C1CCC(Cc2ccc(Cl)cc2)C1(O)Cn1cncn1
test636,125401-92-5,Active,*,COc1cc(OC)nc(Oc2cccc(Oc3nc(OC)cc(OC)n3)c2C(=O)O)n1
test637,133855-98-8,Inactive,*,Fc1ccc(C2(Cn3cncn3)OC2c2ccccc2Cl)cc1
test638,134523-03-8,Inactive,*,CC(C)c1c(C(=O)Nc2ccccc2)c(-c2ccccc2)c(-c2ccc(F)cc2)n1CCC(O)CC(O)CC(=O)O
test639,143390-89-0,Inactive,*,CON=C(C(=O)OC)c1ccccc1COc1ccccc1C
test640,163520-33-0,Inactive,*,CCOC(=O)C1=NOC(c2ccccc2)(c2ccccc2)C1
test641,165252-70-0,Inactive,*,CNC(=N[N+](=O)[O-])NCC1CCOC1
test642,181274-17-9,Inactive,*,COc1nn(C(=O)NS(=O)(=O)c2ccccc2OC(F)(F)F)c(=O)n1C
test643,199584-38-8,Inactive,*,CCC(C)(C)C1CCC(OC)CC1
test644,210631-68-8,Inactive,*,Cc1c(C(=O)c2cnn(C)c2O)ccc(S(C)(=O)=O)c1C1=NOCC1
test645,283594-90-1,Inactive,*,Cc1cc(C)c(C2=C(OC(=O)CC(C)(C)C)C3(CCCC3)OC2=O)c(C)c1
test646,654055-01-3,Active,*,O=c1c(O)c(-c2ccc(O)cc2O)oc2cc(O)cc(O)c12
